PKey,SKey,Parameters
Tilemap,File,tiled.tmx
Tilemap,TileHeight,32
Tilemap,TileWidth,32
Tilemap,LayerHeight,23
Tilemap,LayerWidth,28
Tilemap,BlockingLayers,Ammo
Tilemap,BindingLayers,Activators
Graph,Indices,29,30,31,32,33,34,35,36,40,41
Graph,Indices,42,43,44,45,57,58,59,60,61,62
Graph,Indices,63,64,67,68,69,70,71,72,73,74
Graph,Indices,77,78,79,80,81,85,86,87,90,91
Graph,Indices,92,98,99,105,106,107,108,109,110,113
Graph,Indices,114,118,119,120,121,122,123,124,125,126
Graph,Indices,127,128,129,130,131,132,133,134,135,136
Graph,Indices,137,138,141,142,145,146,147,148,149,150
Graph,Indices,151,152,153,154,155,156,157,158,159,160
Graph,Indices,161,162,163,164,165,166,169,170,171,172
Graph,Indices,173,174,175,176,179,180,181,182,183,184
Graph,Indices,185,186,189,190,191,192,193,194,197,198
Graph,Indices,199,200,201,202,203,204,207,208,209,212
Graph,Indices,213,214,220,221,225,226,227,228,229,230
Graph,Indices,231,232,236,237,240,241,248,249,257,258
Graph,Indices,264,265,268,269,276,277,285,286,292,293
Graph,Indices,294,295,296,297,303,304,305,306,313,314
Graph,Indices,320,321,322,323,324,325,331,332,333,334
Graph,Indices,341,342,347,348,349,350,351,352,353,354
Graph,Indices,359,360,361,362,365,366,367,368,369,370
Graph,Indices,375,376,377,378,379,380,381,382,388,389
Graph,Indices,393,394,395,396,397,398,405,406,407,408
Graph,Indices,416,417,421,422,423,424,425,430,431,432
Graph,Indices,433,434,435,436,437,438,439,440,441,444
Graph,Indices,445,449,450,451,452,457,458,459,460,461
Graph,Indices,462,463,464,465,466,467,468,469,470,471
Graph,Indices,472,473,477,478,485,486,487,488,489,490
Graph,Indices,491,492,493,494,495,496,497,500,501,505
Graph,Indices,506,513,521,528,529,533,534,541,549,556
Graph,Indices,557,561,562,563,564,565,566,567,568,569
Graph,Indices,570,571,572,573,574,575,576,577,578,579
Graph,Indices,580,581,582,583,584,585,589,590,591,592
Graph,Indices,593,594,595,596,597,598,599,600,601,602
Graph,Indices,603,604,605,606,607,608,609,610,611,612
Graph,Indices,613
Graph,Adjacent,29,30,0,0,WALK
Graph,Adjacent,29,57,0,0,WALK
Graph,Adjacent,29,58,0,0,WALK
Graph,Adjacent,30,31,0,0,WALK
Graph,Adjacent,30,29,0,0,WALK
Graph,Adjacent,30,58,0,0,WALK
Graph,Adjacent,30,59,0,0,WALK
Graph,Adjacent,30,57,0,0,WALK
Graph,Adjacent,31,32,0,0,WALK
Graph,Adjacent,31,30,0,0,WALK
Graph,Adjacent,31,59,0,0,WALK
Graph,Adjacent,31,60,0,0,WALK
Graph,Adjacent,31,58,0,0,WALK
Graph,Adjacent,32,33,0,0,WALK
Graph,Adjacent,32,31,0,0,WALK
Graph,Adjacent,32,60,0,0,WALK
Graph,Adjacent,32,61,0,0,WALK
Graph,Adjacent,32,59,0,0,WALK
Graph,Adjacent,33,34,0,0,WALK
Graph,Adjacent,33,32,0,0,WALK
Graph,Adjacent,33,61,0,0,WALK
Graph,Adjacent,33,62,0,0,WALK
Graph,Adjacent,33,60,0,0,WALK
Graph,Adjacent,34,35,0,0,WALK
Graph,Adjacent,34,33,0,0,WALK
Graph,Adjacent,34,62,0,0,WALK
Graph,Adjacent,34,63,0,0,WALK
Graph,Adjacent,34,61,0,0,WALK
Graph,Adjacent,35,36,0,0,WALK
Graph,Adjacent,35,34,0,0,WALK
Graph,Adjacent,35,63,0,0,WALK
Graph,Adjacent,35,64,0,0,WALK
Graph,Adjacent,35,62,0,0,WALK
Graph,Adjacent,36,35,0,0,WALK
Graph,Adjacent,36,64,0,0,WALK
Graph,Adjacent,36,63,0,0,WALK
Graph,Adjacent,40,41,1,1,WALK
Graph,Adjacent,40,68,1,1,WALK
Graph,Adjacent,40,69,1,1,WALK
Graph,Adjacent,40,67,1,1,WALK
Graph,Adjacent,41,42,1,1,WALK
Graph,Adjacent,41,40,1,1,WALK
Graph,Adjacent,41,69,1,1,WALK
Graph,Adjacent,41,70,1,1,WALK
Graph,Adjacent,41,68,1,1,WALK
Graph,Adjacent,42,43,1,1,WALK
Graph,Adjacent,42,41,1,1,WALK
Graph,Adjacent,42,70,1,1,WALK
Graph,Adjacent,42,71,1,1,WALK
Graph,Adjacent,42,69,1,1,WALK
Graph,Adjacent,43,44,1,1,WALK
Graph,Adjacent,43,42,1,1,WALK
Graph,Adjacent,43,71,1,1,WALK
Graph,Adjacent,43,72,1,1,WALK
Graph,Adjacent,43,70,1,1,WALK
Graph,Adjacent,44,45,1,1,WALK
Graph,Adjacent,44,43,1,1,WALK
Graph,Adjacent,44,72,1,1,WALK
Graph,Adjacent,44,73,1,1,WALK
Graph,Adjacent,44,71,1,1,WALK
Graph,Adjacent,45,44,1,1,WALK
Graph,Adjacent,45,73,1,1,WALK
Graph,Adjacent,45,74,1,1,WALK
Graph,Adjacent,45,72,1,1,WALK
Graph,Adjacent,57,58,0,0,WALK
Graph,Adjacent,57,85,0,0,WALK
Graph,Adjacent,57,29,0,0,WALK
Graph,Adjacent,57,86,0,0,WALK
Graph,Adjacent,57,30,0,0,WALK
Graph,Adjacent,58,59,0,0,WALK
Graph,Adjacent,58,57,0,0,WALK
Graph,Adjacent,58,86,0,0,WALK
Graph,Adjacent,58,30,0,0,WALK
Graph,Adjacent,58,87,0,0,WALK
Graph,Adjacent,58,31,0,0,WALK
Graph,Adjacent,58,85,0,0,WALK
Graph,Adjacent,58,29,0,0,WALK
Graph,Adjacent,59,60,0,0,WALK
Graph,Adjacent,59,58,0,0,WALK
Graph,Adjacent,59,87,0,0,WALK
Graph,Adjacent,59,31,0,0,WALK
Graph,Adjacent,59,32,0,0,WALK
Graph,Adjacent,59,86,0,0,WALK
Graph,Adjacent,59,30,0,0,WALK
Graph,Adjacent,60,61,0,0,WALK
Graph,Adjacent,60,59,0,0,WALK
Graph,Adjacent,60,32,0,0,WALK
Graph,Adjacent,60,33,0,0,WALK
Graph,Adjacent,60,87,0,0,WALK
Graph,Adjacent,60,31,0,0,WALK
Graph,Adjacent,61,62,0,0,WALK
Graph,Adjacent,61,60,0,0,WALK
Graph,Adjacent,61,33,0,0,WALK
Graph,Adjacent,61,90,0,0,WALK
Graph,Adjacent,61,34,0,0,WALK
Graph,Adjacent,61,32,0,0,WALK
Graph,Adjacent,62,63,0,0,WALK
Graph,Adjacent,62,61,0,0,WALK
Graph,Adjacent,62,90,0,0,WALK
Graph,Adjacent,62,34,0,0,WALK
Graph,Adjacent,62,91,0,0,WALK
Graph,Adjacent,62,35,0,0,WALK
Graph,Adjacent,62,33,0,0,WALK
Graph,Adjacent,63,64,0,0,WALK
Graph,Adjacent,63,62,0,0,WALK
Graph,Adjacent,63,91,0,0,WALK
Graph,Adjacent,63,35,0,0,WALK
Graph,Adjacent,63,92,0,0,WALK
Graph,Adjacent,63,36,0,0,WALK
Graph,Adjacent,63,90,0,0,WALK
Graph,Adjacent,63,34,0,0,WALK
Graph,Adjacent,64,63,0,0,WALK
Graph,Adjacent,64,92,0,0,WALK
Graph,Adjacent,64,36,0,0,WALK
Graph,Adjacent,64,91,0,0,WALK
Graph,Adjacent,64,35,0,0,WALK
Graph,Adjacent,67,68,1,1,WALK
Graph,Adjacent,67,40,1,1,WALK
Graph,Adjacent,68,69,1,1,WALK
Graph,Adjacent,68,67,1,1,WALK
Graph,Adjacent,68,40,1,1,WALK
Graph,Adjacent,68,41,1,1,WALK
Graph,Adjacent,69,70,1,1,WALK
Graph,Adjacent,69,68,1,1,WALK
Graph,Adjacent,69,41,1,1,WALK
Graph,Adjacent,69,98,1,1,WALK
Graph,Adjacent,69,42,1,1,WALK
Graph,Adjacent,69,40,1,1,WALK
Graph,Adjacent,70,71,1,1,WALK
Graph,Adjacent,70,69,1,1,WALK
Graph,Adjacent,70,98,1,1,WALK
Graph,Adjacent,70,42,1,1,WALK
Graph,Adjacent,70,99,1,1,WALK
Graph,Adjacent,70,43,1,1,WALK
Graph,Adjacent,70,41,1,1,WALK
Graph,Adjacent,71,72,1,1,WALK
Graph,Adjacent,71,70,1,1,WALK
Graph,Adjacent,71,99,1,1,WALK
Graph,Adjacent,71,43,1,1,WALK
Graph,Adjacent,71,44,1,1,WALK
Graph,Adjacent,71,98,1,1,WALK
Graph,Adjacent,71,42,1,1,WALK
Graph,Adjacent,72,73,1,1,WALK
Graph,Adjacent,72,71,1,1,WALK
Graph,Adjacent,72,44,1,1,WALK
Graph,Adjacent,72,45,1,1,WALK
Graph,Adjacent,72,99,1,1,WALK
Graph,Adjacent,72,43,1,1,WALK
Graph,Adjacent,73,74,1,1,WALK
Graph,Adjacent,73,72,1,1,WALK
Graph,Adjacent,73,45,1,1,WALK
Graph,Adjacent,73,44,1,1,WALK
Graph,Adjacent,74,73,1,1,WALK
Graph,Adjacent,74,45,1,1,WALK
Graph,Adjacent,77,78,2,2,WALK
Graph,Adjacent,77,105,2,2,WALK
Graph,Adjacent,77,106,2,2,WALK
Graph,Adjacent,78,79,2,2,WALK
Graph,Adjacent,78,77,2,2,WALK
Graph,Adjacent,78,106,2,2,WALK
Graph,Adjacent,78,107,2,2,WALK
Graph,Adjacent,78,105,2,2,WALK
Graph,Adjacent,79,80,2,2,WALK
Graph,Adjacent,79,78,2,2,WALK
Graph,Adjacent,79,107,2,2,WALK
Graph,Adjacent,79,108,2,2,WALK
Graph,Adjacent,79,106,2,2,WALK
Graph,Adjacent,80,81,2,2,WALK
Graph,Adjacent,80,79,2,2,WALK
Graph,Adjacent,80,108,2,2,WALK
Graph,Adjacent,80,107,2,2,WALK
Graph,Adjacent,81,80,2,2,WALK
Graph,Adjacent,81,110,2,2,WALK
Graph,Adjacent,81,108,2,2,WALK
Graph,Adjacent,85,86,0,0,WALK
Graph,Adjacent,85,113,0,0,WALK
Graph,Adjacent,85,57,0,0,WALK
Graph,Adjacent,85,114,0,0,WALK
Graph,Adjacent,85,58,0,0,WALK
Graph,Adjacent,86,87,0,0,WALK
Graph,Adjacent,86,85,0,0,WALK
Graph,Adjacent,86,114,0,0,WALK
Graph,Adjacent,86,58,0,0,WALK
Graph,Adjacent,86,59,0,0,WALK
Graph,Adjacent,86,113,0,0,WALK
Graph,Adjacent,86,57,0,0,WALK
Graph,Adjacent,87,86,0,0,WALK
Graph,Adjacent,87,59,0,0,WALK
Graph,Adjacent,87,60,0,0,WALK
Graph,Adjacent,87,114,0,0,WALK
Graph,Adjacent,87,58,0,0,WALK
Graph,Adjacent,90,91,0,0,WALK
Graph,Adjacent,90,118,0,0,WALK
Graph,Adjacent,90,62,0,0,WALK
Graph,Adjacent,90,119,0,0,WALK
Graph,Adjacent,90,63,0,0,WALK
Graph,Adjacent,90,61,0,0,WALK
Graph,Adjacent,91,92,0,0,WALK
Graph,Adjacent,91,90,0,0,WALK
Graph,Adjacent,91,119,0,0,WALK
Graph,Adjacent,91,63,0,0,WALK
Graph,Adjacent,91,120,0,0,WALK
Graph,Adjacent,91,64,0,0,WALK
Graph,Adjacent,91,118,0,0,WALK
Graph,Adjacent,91,62,0,0,WALK
Graph,Adjacent,92,91,0,0,WALK
Graph,Adjacent,92,120,0,0,WALK
Graph,Adjacent,92,64,0,0,WALK
Graph,Adjacent,92,121,0,0,WALK
Graph,Adjacent,92,119,0,0,WALK
Graph,Adjacent,92,63,0,0,WALK
Graph,Adjacent,98,99,1,1,WALK
Graph,Adjacent,98,126,1,1,WALK
Graph,Adjacent,98,70,1,1,WALK
Graph,Adjacent,98,127,1,1,WALK
Graph,Adjacent,98,71,1,1,WALK
Graph,Adjacent,98,125,1,1,WALK
Graph,Adjacent,98,69,1,1,WALK
Graph,Adjacent,99,98,1,1,WALK
Graph,Adjacent,99,127,1,1,WALK
Graph,Adjacent,99,71,1,1,WALK
Graph,Adjacent,99,128,1,1,WALK
Graph,Adjacent,99,72,1,1,WALK
Graph,Adjacent,99,126,1,1,WALK
Graph,Adjacent,99,70,1,1,WALK
Graph,Adjacent,105,106,2,2,WALK
Graph,Adjacent,105,133,2,2,WALK
Graph,Adjacent,105,77,2,2,WALK
Graph,Adjacent,105,134,2,2,WALK
Graph,Adjacent,105,78,2,2,WALK
Graph,Adjacent,105,132,2,2,WALK
Graph,Adjacent,106,107,2,2,WALK
Graph,Adjacent,106,105,2,2,WALK
Graph,Adjacent,106,134,2,2,WALK
Graph,Adjacent,106,78,2,2,WALK
Graph,Adjacent,106,135,2,2,WALK
Graph,Adjacent,106,79,2,2,WALK
Graph,Adjacent,106,133,2,2,WALK
Graph,Adjacent,106,77,2,2,WALK
Graph,Adjacent,107,108,2,2,WALK
Graph,Adjacent,107,106,2,2,WALK
Graph,Adjacent,107,135,2,2,WALK
Graph,Adjacent,107,79,2,2,WALK
Graph,Adjacent,107,136,2,2,WALK
Graph,Adjacent,107,80,2,2,WALK
Graph,Adjacent,107,134,2,2,WALK
Graph,Adjacent,107,78,2,2,WALK
Graph,Adjacent,108,107,2,2,WALK
Graph,Adjacent,108,136,2,2,WALK
Graph,Adjacent,108,80,2,2,WALK
Graph,Adjacent,108,137,2,2,WALK
Graph,Adjacent,108,81,2,2,WALK
Graph,Adjacent,108,135,2,2,WALK
Graph,Adjacent,108,79,2,2,WALK
Graph,Adjacent,110,138,2,2,WALK
Graph,Adjacent,110,137,2,2,WALK
Graph,Adjacent,110,81,2,2,WALK
Graph,Adjacent,113,114,0,0,WALK
Graph,Adjacent,113,141,0,0,WALK
Graph,Adjacent,113,85,0,0,WALK
Graph,Adjacent,113,142,0,0,WALK
Graph,Adjacent,113,86,0,0,WALK
Graph,Adjacent,114,113,0,0,WALK
Graph,Adjacent,114,142,0,0,WALK
Graph,Adjacent,114,86,0,0,WALK
Graph,Adjacent,114,87,0,0,WALK
Graph,Adjacent,114,141,0,0,WALK
Graph,Adjacent,114,85,0,0,WALK
Graph,Adjacent,118,119,0,0,WALK
Graph,Adjacent,118,146,0,0,WALK
Graph,Adjacent,118,90,0,0,WALK
Graph,Adjacent,118,147,0,0,WALK
Graph,Adjacent,118,91,0,0,WALK
Graph,Adjacent,118,145,0,0,WALK
Graph,Adjacent,119,120,0,0,WALK
Graph,Adjacent,119,118,0,0,WALK
Graph,Adjacent,119,147,0,0,WALK
Graph,Adjacent,119,91,0,0,WALK
Graph,Adjacent,119,148,0,0,WALK
Graph,Adjacent,119,92,0,0,WALK
Graph,Adjacent,119,146,0,0,WALK
Graph,Adjacent,119,90,0,0,WALK
Graph,Adjacent,120,121,0,0,WALK
Graph,Adjacent,120,119,0,0,WALK
Graph,Adjacent,120,148,0,0,WALK
Graph,Adjacent,120,92,0,0,WALK
Graph,Adjacent,120,149,0,0,WALK
Graph,Adjacent,120,147,0,0,WALK
Graph,Adjacent,120,91,0,0,WALK
Graph,Adjacent,121,122,0,1,DOOR
Graph,Adjacent,121,120,0,0,WALK
Graph,Adjacent,121,149,0,0,WALK
Graph,Adjacent,121,150,0,1,DOOR
Graph,Adjacent,121,148,0,0,WALK
Graph,Adjacent,121,92,0,0,WALK
Graph,Adjacent,122,123,1,1,WALK
Graph,Adjacent,122,121,1,0,DOOR
Graph,Adjacent,122,150,1,1,WALK
Graph,Adjacent,122,151,1,1,WALK
Graph,Adjacent,122,149,1,0,DOOR
Graph,Adjacent,123,124,1,1,WALK
Graph,Adjacent,123,122,1,1,WALK
Graph,Adjacent,123,151,1,1,WALK
Graph,Adjacent,123,152,1,1,WALK
Graph,Adjacent,123,150,1,1,WALK
Graph,Adjacent,124,125,1,1,WALK
Graph,Adjacent,124,123,1,1,WALK
Graph,Adjacent,124,152,1,1,WALK
Graph,Adjacent,124,153,1,1,WALK
Graph,Adjacent,124,151,1,1,WALK
Graph,Adjacent,125,126,1,1,WALK
Graph,Adjacent,125,124,1,1,WALK
Graph,Adjacent,125,153,1,1,WALK
Graph,Adjacent,125,154,1,1,WALK
Graph,Adjacent,125,98,1,1,WALK
Graph,Adjacent,125,152,1,1,WALK
Graph,Adjacent,126,127,1,1,WALK
Graph,Adjacent,126,125,1,1,WALK
Graph,Adjacent,126,154,1,1,WALK
Graph,Adjacent,126,98,1,1,WALK
Graph,Adjacent,126,155,1,1,WALK
Graph,Adjacent,126,99,1,1,WALK
Graph,Adjacent,126,153,1,1,WALK
Graph,Adjacent,127,128,1,1,WALK
Graph,Adjacent,127,126,1,1,WALK
Graph,Adjacent,127,155,1,1,WALK
Graph,Adjacent,127,99,1,1,WALK
Graph,Adjacent,127,156,1,1,WALK
Graph,Adjacent,127,154,1,1,WALK
Graph,Adjacent,127,98,1,1,WALK
Graph,Adjacent,128,129,1,1,WALK
Graph,Adjacent,128,127,1,1,WALK
Graph,Adjacent,128,156,1,1,WALK
Graph,Adjacent,128,157,1,1,WALK
Graph,Adjacent,128,155,1,1,WALK
Graph,Adjacent,128,99,1,1,WALK
Graph,Adjacent,129,130,1,1,WALK
Graph,Adjacent,129,128,1,1,WALK
Graph,Adjacent,129,157,1,1,WALK
Graph,Adjacent,129,158,1,1,WALK
Graph,Adjacent,129,156,1,1,WALK
Graph,Adjacent,130,131,1,1,WALK
Graph,Adjacent,130,129,1,1,WALK
Graph,Adjacent,130,158,1,1,WALK
Graph,Adjacent,130,159,1,1,WALK
Graph,Adjacent,130,157,1,1,WALK
Graph,Adjacent,131,132,1,2,DOOR
Graph,Adjacent,131,130,1,1,WALK
Graph,Adjacent,131,159,1,1,WALK
Graph,Adjacent,131,160,1,2,DOOR
Graph,Adjacent,131,158,1,1,WALK
Graph,Adjacent,132,133,2,2,WALK
Graph,Adjacent,132,131,2,1,DOOR
Graph,Adjacent,132,160,2,2,WALK
Graph,Adjacent,132,161,2,2,WALK
Graph,Adjacent,132,105,2,2,WALK
Graph,Adjacent,132,159,2,1,DOOR
Graph,Adjacent,133,134,2,2,WALK
Graph,Adjacent,133,132,2,2,WALK
Graph,Adjacent,133,161,2,2,WALK
Graph,Adjacent,133,105,2,2,WALK
Graph,Adjacent,133,162,2,2,WALK
Graph,Adjacent,133,106,2,2,WALK
Graph,Adjacent,133,160,2,2,WALK
Graph,Adjacent,134,135,2,2,WALK
Graph,Adjacent,134,133,2,2,WALK
Graph,Adjacent,134,162,2,2,WALK
Graph,Adjacent,134,106,2,2,WALK
Graph,Adjacent,134,163,2,2,WALK
Graph,Adjacent,134,107,2,2,WALK
Graph,Adjacent,134,161,2,2,WALK
Graph,Adjacent,134,105,2,2,WALK
Graph,Adjacent,135,136,2,2,WALK
Graph,Adjacent,135,134,2,2,WALK
Graph,Adjacent,135,163,2,2,WALK
Graph,Adjacent,135,107,2,2,WALK
Graph,Adjacent,135,164,2,2,WALK
Graph,Adjacent,135,108,2,2,WALK
Graph,Adjacent,135,162,2,2,WALK
Graph,Adjacent,135,106,2,2,WALK
Graph,Adjacent,136,137,2,2,WALK
Graph,Adjacent,136,135,2,2,WALK
Graph,Adjacent,136,164,2,2,WALK
Graph,Adjacent,136,108,2,2,WALK
Graph,Adjacent,136,165,2,2,WALK
Graph,Adjacent,136,163,2,2,WALK
Graph,Adjacent,136,107,2,2,WALK
Graph,Adjacent,137,138,2,2,WALK
Graph,Adjacent,137,136,2,2,WALK
Graph,Adjacent,137,165,2,2,WALK
Graph,Adjacent,137,166,2,2,WALK
Graph,Adjacent,137,110,2,2,WALK
Graph,Adjacent,137,164,2,2,WALK
Graph,Adjacent,137,108,2,2,WALK
Graph,Adjacent,138,137,2,2,WALK
Graph,Adjacent,138,166,2,2,WALK
Graph,Adjacent,138,110,2,2,WALK
Graph,Adjacent,138,165,2,2,WALK
Graph,Adjacent,141,142,0,0,WALK
Graph,Adjacent,141,169,0,0,WALK
Graph,Adjacent,141,113,0,0,WALK
Graph,Adjacent,141,170,0,0,WALK
Graph,Adjacent,141,114,0,0,WALK
Graph,Adjacent,142,141,0,0,WALK
Graph,Adjacent,142,170,0,0,WALK
Graph,Adjacent,142,114,0,0,WALK
Graph,Adjacent,142,171,0,0,WALK
Graph,Adjacent,142,169,0,0,WALK
Graph,Adjacent,142,113,0,0,WALK
Graph,Adjacent,145,146,0,0,WALK
Graph,Adjacent,145,173,0,0,WALK
Graph,Adjacent,145,174,0,0,WALK
Graph,Adjacent,145,118,0,0,WALK
Graph,Adjacent,145,172,0,0,WALK
Graph,Adjacent,146,147,0,0,WALK
Graph,Adjacent,146,145,0,0,WALK
Graph,Adjacent,146,174,0,0,WALK
Graph,Adjacent,146,118,0,0,WALK
Graph,Adjacent,146,175,0,0,WALK
Graph,Adjacent,146,119,0,0,WALK
Graph,Adjacent,146,173,0,0,WALK
Graph,Adjacent,147,148,0,0,WALK
Graph,Adjacent,147,146,0,0,WALK
Graph,Adjacent,147,175,0,0,WALK
Graph,Adjacent,147,119,0,0,WALK
Graph,Adjacent,147,176,0,0,WALK
Graph,Adjacent,147,120,0,0,WALK
Graph,Adjacent,147,174,0,0,WALK
Graph,Adjacent,147,118,0,0,WALK
Graph,Adjacent,148,149,0,0,WALK
Graph,Adjacent,148,147,0,0,WALK
Graph,Adjacent,148,176,0,0,WALK
Graph,Adjacent,148,120,0,0,WALK
Graph,Adjacent,148,121,0,0,WALK
Graph,Adjacent,148,175,0,0,WALK
Graph,Adjacent,148,119,0,0,WALK
Graph,Adjacent,149,150,0,1,DOOR
Graph,Adjacent,149,148,0,0,WALK
Graph,Adjacent,149,121,0,0,WALK
Graph,Adjacent,149,122,0,1,DOOR
Graph,Adjacent,149,176,0,0,WALK
Graph,Adjacent,149,120,0,0,WALK
Graph,Adjacent,150,151,1,1,WALK
Graph,Adjacent,150,149,1,0,DOOR
Graph,Adjacent,150,122,1,1,WALK
Graph,Adjacent,150,179,1,1,WALK
Graph,Adjacent,150,123,1,1,WALK
Graph,Adjacent,150,121,1,0,DOOR
Graph,Adjacent,151,152,1,1,WALK
Graph,Adjacent,151,150,1,1,WALK
Graph,Adjacent,151,179,1,1,WALK
Graph,Adjacent,151,123,1,1,WALK
Graph,Adjacent,151,180,1,1,WALK
Graph,Adjacent,151,124,1,1,WALK
Graph,Adjacent,151,122,1,1,WALK
Graph,Adjacent,152,153,1,1,WALK
Graph,Adjacent,152,151,1,1,WALK
Graph,Adjacent,152,180,1,1,WALK
Graph,Adjacent,152,124,1,1,WALK
Graph,Adjacent,152,181,1,1,WALK
Graph,Adjacent,152,125,1,1,WALK
Graph,Adjacent,152,179,1,1,WALK
Graph,Adjacent,152,123,1,1,WALK
Graph,Adjacent,153,154,1,1,WALK
Graph,Adjacent,153,152,1,1,WALK
Graph,Adjacent,153,181,1,1,WALK
Graph,Adjacent,153,125,1,1,WALK
Graph,Adjacent,153,182,1,1,WALK
Graph,Adjacent,153,126,1,1,WALK
Graph,Adjacent,153,180,1,1,WALK
Graph,Adjacent,153,124,1,1,WALK
Graph,Adjacent,154,155,1,1,WALK
Graph,Adjacent,154,153,1,1,WALK
Graph,Adjacent,154,182,1,1,WALK
Graph,Adjacent,154,126,1,1,WALK
Graph,Adjacent,154,183,1,1,WALK
Graph,Adjacent,154,127,1,1,WALK
Graph,Adjacent,154,181,1,1,WALK
Graph,Adjacent,154,125,1,1,WALK
Graph,Adjacent,155,156,1,1,WALK
Graph,Adjacent,155,154,1,1,WALK
Graph,Adjacent,155,183,1,1,WALK
Graph,Adjacent,155,127,1,1,WALK
Graph,Adjacent,155,184,1,1,WALK
Graph,Adjacent,155,128,1,1,WALK
Graph,Adjacent,155,182,1,1,WALK
Graph,Adjacent,155,126,1,1,WALK
Graph,Adjacent,156,157,1,1,WALK
Graph,Adjacent,156,155,1,1,WALK
Graph,Adjacent,156,184,1,1,WALK
Graph,Adjacent,156,128,1,1,WALK
Graph,Adjacent,156,185,1,1,WALK
Graph,Adjacent,156,129,1,1,WALK
Graph,Adjacent,156,183,1,1,WALK
Graph,Adjacent,156,127,1,1,WALK
Graph,Adjacent,157,158,1,1,WALK
Graph,Adjacent,157,156,1,1,WALK
Graph,Adjacent,157,185,1,1,WALK
Graph,Adjacent,157,129,1,1,WALK
Graph,Adjacent,157,186,1,1,WALK
Graph,Adjacent,157,130,1,1,WALK
Graph,Adjacent,157,184,1,1,WALK
Graph,Adjacent,157,128,1,1,WALK
Graph,Adjacent,158,159,1,1,WALK
Graph,Adjacent,158,157,1,1,WALK
Graph,Adjacent,158,186,1,1,WALK
Graph,Adjacent,158,130,1,1,WALK
Graph,Adjacent,158,131,1,1,WALK
Graph,Adjacent,158,185,1,1,WALK
Graph,Adjacent,158,129,1,1,WALK
Graph,Adjacent,159,160,1,2,DOOR
Graph,Adjacent,159,158,1,1,WALK
Graph,Adjacent,159,131,1,1,WALK
Graph,Adjacent,159,132,1,2,DOOR
Graph,Adjacent,159,186,1,1,WALK
Graph,Adjacent,159,130,1,1,WALK
Graph,Adjacent,160,161,2,2,WALK
Graph,Adjacent,160,159,2,1,DOOR
Graph,Adjacent,160,132,2,2,WALK
Graph,Adjacent,160,189,2,2,WALK
Graph,Adjacent,160,133,2,2,WALK
Graph,Adjacent,160,131,2,1,DOOR
Graph,Adjacent,161,162,2,2,WALK
Graph,Adjacent,161,160,2,2,WALK
Graph,Adjacent,161,189,2,2,WALK
Graph,Adjacent,161,133,2,2,WALK
Graph,Adjacent,161,190,2,2,WALK
Graph,Adjacent,161,134,2,2,WALK
Graph,Adjacent,161,132,2,2,WALK
Graph,Adjacent,162,163,2,2,WALK
Graph,Adjacent,162,161,2,2,WALK
Graph,Adjacent,162,190,2,2,WALK
Graph,Adjacent,162,134,2,2,WALK
Graph,Adjacent,162,191,2,2,WALK
Graph,Adjacent,162,135,2,2,WALK
Graph,Adjacent,162,189,2,2,WALK
Graph,Adjacent,162,133,2,2,WALK
Graph,Adjacent,163,164,2,2,WALK
Graph,Adjacent,163,162,2,2,WALK
Graph,Adjacent,163,191,2,2,WALK
Graph,Adjacent,163,135,2,2,WALK
Graph,Adjacent,163,192,2,2,WALK
Graph,Adjacent,163,136,2,2,WALK
Graph,Adjacent,163,190,2,2,WALK
Graph,Adjacent,163,134,2,2,WALK
Graph,Adjacent,164,165,2,2,WALK
Graph,Adjacent,164,163,2,2,WALK
Graph,Adjacent,164,192,2,2,WALK
Graph,Adjacent,164,136,2,2,WALK
Graph,Adjacent,164,193,2,2,WALK
Graph,Adjacent,164,137,2,2,WALK
Graph,Adjacent,164,191,2,2,WALK
Graph,Adjacent,164,135,2,2,WALK
Graph,Adjacent,165,166,2,2,WALK
Graph,Adjacent,165,164,2,2,WALK
Graph,Adjacent,165,193,2,2,WALK
Graph,Adjacent,165,137,2,2,WALK
Graph,Adjacent,165,194,2,2,WALK
Graph,Adjacent,165,138,2,2,WALK
Graph,Adjacent,165,192,2,2,WALK
Graph,Adjacent,165,136,2,2,WALK
Graph,Adjacent,166,165,2,2,WALK
Graph,Adjacent,166,194,2,2,WALK
Graph,Adjacent,166,138,2,2,WALK
Graph,Adjacent,166,193,2,2,WALK
Graph,Adjacent,166,137,2,2,WALK
Graph,Adjacent,169,170,0,0,WALK
Graph,Adjacent,169,197,0,0,WALK
Graph,Adjacent,169,141,0,0,WALK
Graph,Adjacent,169,198,0,0,WALK
Graph,Adjacent,169,142,0,0,WALK
Graph,Adjacent,170,171,0,0,WALK
Graph,Adjacent,170,169,0,0,WALK
Graph,Adjacent,170,198,0,0,WALK
Graph,Adjacent,170,142,0,0,WALK
Graph,Adjacent,170,199,0,0,WALK
Graph,Adjacent,170,197,0,0,WALK
Graph,Adjacent,170,141,0,0,WALK
Graph,Adjacent,171,172,0,0,WALK
Graph,Adjacent,171,170,0,0,WALK
Graph,Adjacent,171,199,0,0,WALK
Graph,Adjacent,171,200,0,0,WALK
Graph,Adjacent,171,198,0,0,WALK
Graph,Adjacent,171,142,0,0,WALK
Graph,Adjacent,172,173,0,0,WALK
Graph,Adjacent,172,171,0,0,WALK
Graph,Adjacent,172,200,0,0,WALK
Graph,Adjacent,172,201,0,0,WALK
Graph,Adjacent,172,145,0,0,WALK
Graph,Adjacent,172,199,0,0,WALK
Graph,Adjacent,173,174,0,0,WALK
Graph,Adjacent,173,172,0,0,WALK
Graph,Adjacent,173,201,0,0,WALK
Graph,Adjacent,173,145,0,0,WALK
Graph,Adjacent,173,202,0,0,WALK
Graph,Adjacent,173,146,0,0,WALK
Graph,Adjacent,173,200,0,0,WALK
Graph,Adjacent,174,175,0,0,WALK
Graph,Adjacent,174,173,0,0,WALK
Graph,Adjacent,174,202,0,0,WALK
Graph,Adjacent,174,146,0,0,WALK
Graph,Adjacent,174,203,0,0,WALK
Graph,Adjacent,174,147,0,0,WALK
Graph,Adjacent,174,201,0,0,WALK
Graph,Adjacent,174,145,0,0,WALK
Graph,Adjacent,175,176,0,0,WALK
Graph,Adjacent,175,174,0,0,WALK
Graph,Adjacent,175,203,0,0,WALK
Graph,Adjacent,175,147,0,0,WALK
Graph,Adjacent,175,204,0,0,WALK
Graph,Adjacent,175,148,0,0,WALK
Graph,Adjacent,175,202,0,0,WALK
Graph,Adjacent,175,146,0,0,WALK
Graph,Adjacent,176,175,0,0,WALK
Graph,Adjacent,176,204,0,0,WALK
Graph,Adjacent,176,148,0,0,WALK
Graph,Adjacent,176,149,0,0,WALK
Graph,Adjacent,176,203,0,0,WALK
Graph,Adjacent,176,147,0,0,WALK
Graph,Adjacent,179,180,1,1,WALK
Graph,Adjacent,179,207,1,1,WALK
Graph,Adjacent,179,151,1,1,WALK
Graph,Adjacent,179,208,1,1,WALK
Graph,Adjacent,179,152,1,1,WALK
Graph,Adjacent,179,150,1,1,WALK
Graph,Adjacent,180,181,1,1,WALK
Graph,Adjacent,180,179,1,1,WALK
Graph,Adjacent,180,208,1,1,WALK
Graph,Adjacent,180,152,1,1,WALK
Graph,Adjacent,180,209,1,1,WALK
Graph,Adjacent,180,153,1,1,WALK
Graph,Adjacent,180,207,1,1,WALK
Graph,Adjacent,180,151,1,1,WALK
Graph,Adjacent,181,182,1,1,WALK
Graph,Adjacent,181,180,1,1,WALK
Graph,Adjacent,181,209,1,1,WALK
Graph,Adjacent,181,153,1,1,WALK
Graph,Adjacent,181,154,1,1,WALK
Graph,Adjacent,181,208,1,1,WALK
Graph,Adjacent,181,152,1,1,WALK
Graph,Adjacent,182,183,1,1,WALK
Graph,Adjacent,182,181,1,1,WALK
Graph,Adjacent,182,154,1,1,WALK
Graph,Adjacent,182,155,1,1,WALK
Graph,Adjacent,182,209,1,1,WALK
Graph,Adjacent,182,153,1,1,WALK
Graph,Adjacent,183,184,1,1,WALK
Graph,Adjacent,183,182,1,1,WALK
Graph,Adjacent,183,155,1,1,WALK
Graph,Adjacent,183,212,1,1,WALK
Graph,Adjacent,183,156,1,1,WALK
Graph,Adjacent,183,154,1,1,WALK
Graph,Adjacent,184,185,1,1,WALK
Graph,Adjacent,184,183,1,1,WALK
Graph,Adjacent,184,212,1,1,WALK
Graph,Adjacent,184,156,1,1,WALK
Graph,Adjacent,184,213,1,1,WALK
Graph,Adjacent,184,157,1,1,WALK
Graph,Adjacent,184,155,1,1,WALK
Graph,Adjacent,185,186,1,1,WALK
Graph,Adjacent,185,184,1,1,WALK
Graph,Adjacent,185,213,1,1,WALK
Graph,Adjacent,185,157,1,1,WALK
Graph,Adjacent,185,214,1,1,WALK
Graph,Adjacent,185,158,1,1,WALK
Graph,Adjacent,185,212,1,1,WALK
Graph,Adjacent,185,156,1,1,WALK
Graph,Adjacent,186,185,1,1,WALK
Graph,Adjacent,186,214,1,1,WALK
Graph,Adjacent,186,158,1,1,WALK
Graph,Adjacent,186,159,1,1,WALK
Graph,Adjacent,186,213,1,1,WALK
Graph,Adjacent,186,157,1,1,WALK
Graph,Adjacent,189,190,2,2,WALK
Graph,Adjacent,189,161,2,2,WALK
Graph,Adjacent,189,162,2,2,WALK
Graph,Adjacent,189,160,2,2,WALK
Graph,Adjacent,190,191,2,2,WALK
Graph,Adjacent,190,189,2,2,WALK
Graph,Adjacent,190,162,2,2,WALK
Graph,Adjacent,190,163,2,2,WALK
Graph,Adjacent,190,161,2,2,WALK
Graph,Adjacent,191,192,2,2,WALK
Graph,Adjacent,191,190,2,2,WALK
Graph,Adjacent,191,163,2,2,WALK
Graph,Adjacent,191,220,2,2,WALK
Graph,Adjacent,191,164,2,2,WALK
Graph,Adjacent,191,162,2,2,WALK
Graph,Adjacent,192,193,2,2,WALK
Graph,Adjacent,192,191,2,2,WALK
Graph,Adjacent,192,220,2,2,WALK
Graph,Adjacent,192,164,2,2,WALK
Graph,Adjacent,192,221,2,2,WALK
Graph,Adjacent,192,165,2,2,WALK
Graph,Adjacent,192,163,2,2,WALK
Graph,Adjacent,193,194,2,2,WALK
Graph,Adjacent,193,192,2,2,WALK
Graph,Adjacent,193,221,2,2,WALK
Graph,Adjacent,193,165,2,2,WALK
Graph,Adjacent,193,166,2,2,WALK
Graph,Adjacent,193,220,2,2,WALK
Graph,Adjacent,193,164,2,2,WALK
Graph,Adjacent,194,193,2,2,WALK
Graph,Adjacent,194,166,2,2,WALK
Graph,Adjacent,194,221,2,2,WALK
Graph,Adjacent,194,165,2,2,WALK
Graph,Adjacent,197,198,0,0,WALK
Graph,Adjacent,197,225,0,0,WALK
Graph,Adjacent,197,169,0,0,WALK
Graph,Adjacent,197,226,0,0,WALK
Graph,Adjacent,197,170,0,0,WALK
Graph,Adjacent,198,199,0,0,WALK
Graph,Adjacent,198,197,0,0,WALK
Graph,Adjacent,198,226,0,0,WALK
Graph,Adjacent,198,170,0,0,WALK
Graph,Adjacent,198,227,0,0,WALK
Graph,Adjacent,198,171,0,0,WALK
Graph,Adjacent,198,225,0,0,WALK
Graph,Adjacent,198,169,0,0,WALK
Graph,Adjacent,199,200,0,0,WALK
Graph,Adjacent,199,198,0,0,WALK
Graph,Adjacent,199,227,0,0,WALK
Graph,Adjacent,199,171,0,0,WALK
Graph,Adjacent,199,228,0,0,WALK
Graph,Adjacent,199,172,0,0,WALK
Graph,Adjacent,199,226,0,0,WALK
Graph,Adjacent,199,170,0,0,WALK
Graph,Adjacent,200,201,0,0,WALK
Graph,Adjacent,200,199,0,0,WALK
Graph,Adjacent,200,228,0,0,WALK
Graph,Adjacent,200,172,0,0,WALK
Graph,Adjacent,200,229,0,0,WALK
Graph,Adjacent,200,173,0,0,WALK
Graph,Adjacent,200,227,0,0,WALK
Graph,Adjacent,200,171,0,0,WALK
Graph,Adjacent,201,202,0,0,WALK
Graph,Adjacent,201,200,0,0,WALK
Graph,Adjacent,201,229,0,0,WALK
Graph,Adjacent,201,173,0,0,WALK
Graph,Adjacent,201,230,0,0,WALK
Graph,Adjacent,201,174,0,0,WALK
Graph,Adjacent,201,228,0,0,WALK
Graph,Adjacent,201,172,0,0,WALK
Graph,Adjacent,202,203,0,0,WALK
Graph,Adjacent,202,201,0,0,WALK
Graph,Adjacent,202,230,0,0,WALK
Graph,Adjacent,202,174,0,0,WALK
Graph,Adjacent,202,231,0,0,WALK
Graph,Adjacent,202,175,0,0,WALK
Graph,Adjacent,202,229,0,0,WALK
Graph,Adjacent,202,173,0,0,WALK
Graph,Adjacent,203,204,0,0,WALK
Graph,Adjacent,203,202,0,0,WALK
Graph,Adjacent,203,231,0,0,WALK
Graph,Adjacent,203,175,0,0,WALK
Graph,Adjacent,203,232,0,0,WALK
Graph,Adjacent,203,176,0,0,WALK
Graph,Adjacent,203,230,0,0,WALK
Graph,Adjacent,203,174,0,0,WALK
Graph,Adjacent,204,203,0,0,WALK
Graph,Adjacent,204,232,0,0,WALK
Graph,Adjacent,204,176,0,0,WALK
Graph,Adjacent,204,231,0,0,WALK
Graph,Adjacent,204,175,0,0,WALK
Graph,Adjacent,207,208,1,1,WALK
Graph,Adjacent,207,179,1,1,WALK
Graph,Adjacent,207,236,1,1,WALK
Graph,Adjacent,207,180,1,1,WALK
Graph,Adjacent,208,209,1,1,WALK
Graph,Adjacent,208,207,1,1,WALK
Graph,Adjacent,208,236,1,1,WALK
Graph,Adjacent,208,180,1,1,WALK
Graph,Adjacent,208,237,1,1,WALK
Graph,Adjacent,208,181,1,1,WALK
Graph,Adjacent,208,179,1,1,WALK
Graph,Adjacent,209,208,1,1,WALK
Graph,Adjacent,209,237,1,1,WALK
Graph,Adjacent,209,181,1,1,WALK
Graph,Adjacent,209,182,1,1,WALK
Graph,Adjacent,209,236,1,1,WALK
Graph,Adjacent,209,180,1,1,WALK
Graph,Adjacent,212,213,1,1,WALK
Graph,Adjacent,212,240,1,1,WALK
Graph,Adjacent,212,184,1,1,WALK
Graph,Adjacent,212,241,1,1,WALK
Graph,Adjacent,212,185,1,1,WALK
Graph,Adjacent,212,183,1,1,WALK
Graph,Adjacent,213,214,1,1,WALK
Graph,Adjacent,213,212,1,1,WALK
Graph,Adjacent,213,241,1,1,WALK
Graph,Adjacent,213,185,1,1,WALK
Graph,Adjacent,213,186,1,1,WALK
Graph,Adjacent,213,240,1,1,WALK
Graph,Adjacent,213,184,1,1,WALK
Graph,Adjacent,214,213,1,1,WALK
Graph,Adjacent,214,186,1,1,WALK
Graph,Adjacent,214,241,1,1,WALK
Graph,Adjacent,214,185,1,1,WALK
Graph,Adjacent,220,221,2,2,WALK
Graph,Adjacent,220,248,2,3,DOOR
Graph,Adjacent,220,192,2,2,WALK
Graph,Adjacent,220,249,2,3,DOOR
Graph,Adjacent,220,193,2,2,WALK
Graph,Adjacent,220,191,2,2,WALK
Graph,Adjacent,221,220,2,2,WALK
Graph,Adjacent,221,249,2,3,DOOR
Graph,Adjacent,221,193,2,2,WALK
Graph,Adjacent,221,194,2,2,WALK
Graph,Adjacent,221,248,2,3,DOOR
Graph,Adjacent,221,192,2,2,WALK
Graph,Adjacent,225,226,0,0,WALK
Graph,Adjacent,225,197,0,0,WALK
Graph,Adjacent,225,198,0,0,WALK
Graph,Adjacent,226,227,0,0,WALK
Graph,Adjacent,226,225,0,0,WALK
Graph,Adjacent,226,198,0,0,WALK
Graph,Adjacent,226,199,0,0,WALK
Graph,Adjacent,226,197,0,0,WALK
Graph,Adjacent,227,228,0,0,WALK
Graph,Adjacent,227,226,0,0,WALK
Graph,Adjacent,227,199,0,0,WALK
Graph,Adjacent,227,200,0,0,WALK
Graph,Adjacent,227,198,0,0,WALK
Graph,Adjacent,228,229,0,0,WALK
Graph,Adjacent,228,227,0,0,WALK
Graph,Adjacent,228,200,0,0,WALK
Graph,Adjacent,228,257,0,0,WALK
Graph,Adjacent,228,201,0,0,WALK
Graph,Adjacent,228,199,0,0,WALK
Graph,Adjacent,229,230,0,0,WALK
Graph,Adjacent,229,228,0,0,WALK
Graph,Adjacent,229,257,0,0,WALK
Graph,Adjacent,229,201,0,0,WALK
Graph,Adjacent,229,258,0,0,WALK
Graph,Adjacent,229,202,0,0,WALK
Graph,Adjacent,229,200,0,0,WALK
Graph,Adjacent,230,231,0,0,WALK
Graph,Adjacent,230,229,0,0,WALK
Graph,Adjacent,230,258,0,0,WALK
Graph,Adjacent,230,202,0,0,WALK
Graph,Adjacent,230,203,0,0,WALK
Graph,Adjacent,230,257,0,0,WALK
Graph,Adjacent,230,201,0,0,WALK
Graph,Adjacent,231,232,0,0,WALK
Graph,Adjacent,231,230,0,0,WALK
Graph,Adjacent,231,203,0,0,WALK
Graph,Adjacent,231,204,0,0,WALK
Graph,Adjacent,231,258,0,0,WALK
Graph,Adjacent,231,202,0,0,WALK
Graph,Adjacent,232,231,0,0,WALK
Graph,Adjacent,232,204,0,0,WALK
Graph,Adjacent,232,203,0,0,WALK
Graph,Adjacent,236,237,1,1,WALK
Graph,Adjacent,236,264,1,1,WALK
Graph,Adjacent,236,208,1,1,WALK
Graph,Adjacent,236,265,1,1,WALK
Graph,Adjacent,236,209,1,1,WALK
Graph,Adjacent,236,207,1,1,WALK
Graph,Adjacent,237,236,1,1,WALK
Graph,Adjacent,237,265,1,1,WALK
Graph,Adjacent,237,209,1,1,WALK
Graph,Adjacent,237,264,1,1,WALK
Graph,Adjacent,237,208,1,1,WALK
Graph,Adjacent,240,241,1,1,WALK
Graph,Adjacent,240,268,1,1,WALK
Graph,Adjacent,240,212,1,1,WALK
Graph,Adjacent,240,269,1,1,WALK
Graph,Adjacent,240,213,1,1,WALK
Graph,Adjacent,241,240,1,1,WALK
Graph,Adjacent,241,269,1,1,WALK
Graph,Adjacent,241,213,1,1,WALK
Graph,Adjacent,241,214,1,1,WALK
Graph,Adjacent,241,268,1,1,WALK
Graph,Adjacent,241,212,1,1,WALK
Graph,Adjacent,248,249,3,3,WALK
Graph,Adjacent,248,276,3,3,WALK
Graph,Adjacent,248,220,3,2,DOOR
Graph,Adjacent,248,277,3,3,WALK
Graph,Adjacent,248,221,3,2,DOOR
Graph,Adjacent,249,248,3,3,WALK
Graph,Adjacent,249,277,3,3,WALK
Graph,Adjacent,249,221,3,2,DOOR
Graph,Adjacent,249,276,3,3,WALK
Graph,Adjacent,249,220,3,2,DOOR
Graph,Adjacent,257,258,0,0,WALK
Graph,Adjacent,257,285,0,4,DOOR
Graph,Adjacent,257,229,0,0,WALK
Graph,Adjacent,257,286,0,4,DOOR
Graph,Adjacent,257,230,0,0,WALK
Graph,Adjacent,257,228,0,0,WALK
Graph,Adjacent,258,257,0,0,WALK
Graph,Adjacent,258,286,0,4,DOOR
Graph,Adjacent,258,230,0,0,WALK
Graph,Adjacent,258,231,0,0,WALK
Graph,Adjacent,258,285,0,4,DOOR
Graph,Adjacent,258,229,0,0,WALK
Graph,Adjacent,264,265,1,1,WALK
Graph,Adjacent,264,292,1,1,WALK
Graph,Adjacent,264,236,1,1,WALK
Graph,Adjacent,264,293,1,1,WALK
Graph,Adjacent,264,237,1,1,WALK
Graph,Adjacent,265,264,1,1,WALK
Graph,Adjacent,265,293,1,1,WALK
Graph,Adjacent,265,237,1,1,WALK
Graph,Adjacent,265,294,1,1,WALK
Graph,Adjacent,265,292,1,1,WALK
Graph,Adjacent,265,236,1,1,WALK
Graph,Adjacent,268,269,1,1,WALK
Graph,Adjacent,268,296,1,1,WALK
Graph,Adjacent,268,240,1,1,WALK
Graph,Adjacent,268,297,1,1,WALK
Graph,Adjacent,268,241,1,1,WALK
Graph,Adjacent,268,295,1,1,WALK
Graph,Adjacent,269,268,1,1,WALK
Graph,Adjacent,269,297,1,1,WALK
Graph,Adjacent,269,241,1,1,WALK
Graph,Adjacent,269,296,1,1,WALK
Graph,Adjacent,269,240,1,1,WALK
Graph,Adjacent,276,277,3,3,WALK
Graph,Adjacent,276,304,3,3,WALK
Graph,Adjacent,276,248,3,3,WALK
Graph,Adjacent,276,305,3,3,WALK
Graph,Adjacent,276,249,3,3,WALK
Graph,Adjacent,276,303,3,3,WALK
Graph,Adjacent,277,276,3,3,WALK
Graph,Adjacent,277,305,3,3,WALK
Graph,Adjacent,277,249,3,3,WALK
Graph,Adjacent,277,306,3,3,WALK
Graph,Adjacent,277,304,3,3,WALK
Graph,Adjacent,277,248,3,3,WALK
Graph,Adjacent,285,286,4,4,WALK
Graph,Adjacent,285,313,4,4,WALK
Graph,Adjacent,285,257,4,0,DOOR
Graph,Adjacent,285,314,4,4,WALK
Graph,Adjacent,285,258,4,0,DOOR
Graph,Adjacent,286,285,4,4,WALK
Graph,Adjacent,286,314,4,4,WALK
Graph,Adjacent,286,258,4,0,DOOR
Graph,Adjacent,286,313,4,4,WALK
Graph,Adjacent,286,257,4,0,DOOR
Graph,Adjacent,292,293,1,1,WALK
Graph,Adjacent,292,320,1,1,WALK
Graph,Adjacent,292,264,1,1,WALK
Graph,Adjacent,292,321,1,1,WALK
Graph,Adjacent,292,265,1,1,WALK
Graph,Adjacent,293,294,1,1,WALK
Graph,Adjacent,293,292,1,1,WALK
Graph,Adjacent,293,321,1,1,WALK
Graph,Adjacent,293,265,1,1,WALK
Graph,Adjacent,293,322,1,1,WALK
Graph,Adjacent,293,320,1,1,WALK
Graph,Adjacent,293,264,1,1,WALK
Graph,Adjacent,294,295,1,1,WALK
Graph,Adjacent,294,293,1,1,WALK
Graph,Adjacent,294,322,1,1,WALK
Graph,Adjacent,294,323,1,1,WALK
Graph,Adjacent,294,321,1,1,WALK
Graph,Adjacent,294,265,1,1,WALK
Graph,Adjacent,295,296,1,1,WALK
Graph,Adjacent,295,294,1,1,WALK
Graph,Adjacent,295,323,1,1,WALK
Graph,Adjacent,295,324,1,1,WALK
Graph,Adjacent,295,268,1,1,WALK
Graph,Adjacent,295,322,1,1,WALK
Graph,Adjacent,296,297,1,1,WALK
Graph,Adjacent,296,295,1,1,WALK
Graph,Adjacent,296,324,1,1,WALK
Graph,Adjacent,296,268,1,1,WALK
Graph,Adjacent,296,325,1,1,WALK
Graph,Adjacent,296,269,1,1,WALK
Graph,Adjacent,296,323,1,1,WALK
Graph,Adjacent,297,296,1,1,WALK
Graph,Adjacent,297,325,1,1,WALK
Graph,Adjacent,297,269,1,1,WALK
Graph,Adjacent,297,324,1,1,WALK
Graph,Adjacent,297,268,1,1,WALK
Graph,Adjacent,303,304,3,3,WALK
Graph,Adjacent,303,331,3,3,WALK
Graph,Adjacent,303,332,3,3,WALK
Graph,Adjacent,303,276,3,3,WALK
Graph,Adjacent,304,305,3,3,WALK
Graph,Adjacent,304,303,3,3,WALK
Graph,Adjacent,304,332,3,3,WALK
Graph,Adjacent,304,276,3,3,WALK
Graph,Adjacent,304,333,3,3,WALK
Graph,Adjacent,304,277,3,3,WALK
Graph,Adjacent,304,331,3,3,WALK
Graph,Adjacent,305,306,3,3,WALK
Graph,Adjacent,305,304,3,3,WALK
Graph,Adjacent,305,333,3,3,WALK
Graph,Adjacent,305,277,3,3,WALK
Graph,Adjacent,305,334,3,3,WALK
Graph,Adjacent,305,332,3,3,WALK
Graph,Adjacent,305,276,3,3,WALK
Graph,Adjacent,306,305,3,3,WALK
Graph,Adjacent,306,334,3,3,WALK
Graph,Adjacent,306,333,3,3,WALK
Graph,Adjacent,306,277,3,3,WALK
Graph,Adjacent,313,314,4,4,WALK
Graph,Adjacent,313,341,4,4,WALK
Graph,Adjacent,313,285,4,4,WALK
Graph,Adjacent,313,342,4,4,WALK
Graph,Adjacent,313,286,4,4,WALK
Graph,Adjacent,314,313,4,4,WALK
Graph,Adjacent,314,342,4,4,WALK
Graph,Adjacent,314,286,4,4,WALK
Graph,Adjacent,314,341,4,4,WALK
Graph,Adjacent,314,285,4,4,WALK
Graph,Adjacent,320,321,1,1,WALK
Graph,Adjacent,320,348,1,1,WALK
Graph,Adjacent,320,292,1,1,WALK
Graph,Adjacent,320,349,1,1,WALK
Graph,Adjacent,320,293,1,1,WALK
Graph,Adjacent,320,347,1,1,WALK
Graph,Adjacent,321,322,1,1,WALK
Graph,Adjacent,321,320,1,1,WALK
Graph,Adjacent,321,349,1,1,WALK
Graph,Adjacent,321,293,1,1,WALK
Graph,Adjacent,321,350,1,1,WALK
Graph,Adjacent,321,294,1,1,WALK
Graph,Adjacent,321,348,1,1,WALK
Graph,Adjacent,321,292,1,1,WALK
Graph,Adjacent,322,323,1,1,WALK
Graph,Adjacent,322,321,1,1,WALK
Graph,Adjacent,322,350,1,1,WALK
Graph,Adjacent,322,294,1,1,WALK
Graph,Adjacent,322,351,1,1,WALK
Graph,Adjacent,322,295,1,1,WALK
Graph,Adjacent,322,349,1,1,WALK
Graph,Adjacent,322,293,1,1,WALK
Graph,Adjacent,323,324,1,1,WALK
Graph,Adjacent,323,322,1,1,WALK
Graph,Adjacent,323,351,1,1,WALK
Graph,Adjacent,323,295,1,1,WALK
Graph,Adjacent,323,352,1,1,WALK
Graph,Adjacent,323,296,1,1,WALK
Graph,Adjacent,323,350,1,1,WALK
Graph,Adjacent,323,294,1,1,WALK
Graph,Adjacent,324,325,1,1,WALK
Graph,Adjacent,324,323,1,1,WALK
Graph,Adjacent,324,352,1,1,WALK
Graph,Adjacent,324,296,1,1,WALK
Graph,Adjacent,324,353,1,1,WALK
Graph,Adjacent,324,297,1,1,WALK
Graph,Adjacent,324,351,1,1,WALK
Graph,Adjacent,324,295,1,1,WALK
Graph,Adjacent,325,324,1,1,WALK
Graph,Adjacent,325,353,1,1,WALK
Graph,Adjacent,325,297,1,1,WALK
Graph,Adjacent,325,354,1,1,WALK
Graph,Adjacent,325,352,1,1,WALK
Graph,Adjacent,325,296,1,1,WALK
Graph,Adjacent,331,332,3,3,WALK
Graph,Adjacent,331,359,3,3,WALK
Graph,Adjacent,331,303,3,3,WALK
Graph,Adjacent,331,360,3,3,WALK
Graph,Adjacent,331,304,3,3,WALK
Graph,Adjacent,332,333,3,3,WALK
Graph,Adjacent,332,331,3,3,WALK
Graph,Adjacent,332,360,3,3,WALK
Graph,Adjacent,332,304,3,3,WALK
Graph,Adjacent,332,361,3,3,WALK
Graph,Adjacent,332,305,3,3,WALK
Graph,Adjacent,332,359,3,3,WALK
Graph,Adjacent,332,303,3,3,WALK
Graph,Adjacent,333,334,3,3,WALK
Graph,Adjacent,333,332,3,3,WALK
Graph,Adjacent,333,361,3,3,WALK
Graph,Adjacent,333,305,3,3,WALK
Graph,Adjacent,333,362,3,3,WALK
Graph,Adjacent,333,306,3,3,WALK
Graph,Adjacent,333,360,3,3,WALK
Graph,Adjacent,333,304,3,3,WALK
Graph,Adjacent,334,333,3,3,WALK
Graph,Adjacent,334,362,3,3,WALK
Graph,Adjacent,334,306,3,3,WALK
Graph,Adjacent,334,361,3,3,WALK
Graph,Adjacent,334,305,3,3,WALK
Graph,Adjacent,341,342,4,4,WALK
Graph,Adjacent,341,369,4,4,WALK
Graph,Adjacent,341,313,4,4,WALK
Graph,Adjacent,341,370,4,4,WALK
Graph,Adjacent,341,314,4,4,WALK
Graph,Adjacent,341,368,4,4,WALK
Graph,Adjacent,342,341,4,4,WALK
Graph,Adjacent,342,370,4,4,WALK
Graph,Adjacent,342,314,4,4,WALK
Graph,Adjacent,342,369,4,4,WALK
Graph,Adjacent,342,313,4,4,WALK
Graph,Adjacent,347,348,1,1,WALK
Graph,Adjacent,347,375,1,1,WALK
Graph,Adjacent,347,376,1,1,WALK
Graph,Adjacent,347,320,1,1,WALK
Graph,Adjacent,348,349,1,1,WALK
Graph,Adjacent,348,347,1,1,WALK
Graph,Adjacent,348,376,1,1,WALK
Graph,Adjacent,348,320,1,1,WALK
Graph,Adjacent,348,377,1,1,WALK
Graph,Adjacent,348,321,1,1,WALK
Graph,Adjacent,348,375,1,1,WALK
Graph,Adjacent,349,350,1,1,WALK
Graph,Adjacent,349,348,1,1,WALK
Graph,Adjacent,349,377,1,1,WALK
Graph,Adjacent,349,321,1,1,WALK
Graph,Adjacent,349,378,1,1,WALK
Graph,Adjacent,349,322,1,1,WALK
Graph,Adjacent,349,376,1,1,WALK
Graph,Adjacent,349,320,1,1,WALK
Graph,Adjacent,350,351,1,1,WALK
Graph,Adjacent,350,349,1,1,WALK
Graph,Adjacent,350,378,1,1,WALK
Graph,Adjacent,350,322,1,1,WALK
Graph,Adjacent,350,379,1,1,WALK
Graph,Adjacent,350,323,1,1,WALK
Graph,Adjacent,350,377,1,1,WALK
Graph,Adjacent,350,321,1,1,WALK
Graph,Adjacent,351,352,1,1,WALK
Graph,Adjacent,351,350,1,1,WALK
Graph,Adjacent,351,379,1,1,WALK
Graph,Adjacent,351,323,1,1,WALK
Graph,Adjacent,351,380,1,1,WALK
Graph,Adjacent,351,324,1,1,WALK
Graph,Adjacent,351,378,1,1,WALK
Graph,Adjacent,351,322,1,1,WALK
Graph,Adjacent,352,353,1,1,WALK
Graph,Adjacent,352,351,1,1,WALK
Graph,Adjacent,352,380,1,1,WALK
Graph,Adjacent,352,324,1,1,WALK
Graph,Adjacent,352,381,1,1,WALK
Graph,Adjacent,352,325,1,1,WALK
Graph,Adjacent,352,379,1,1,WALK
Graph,Adjacent,352,323,1,1,WALK
Graph,Adjacent,353,354,1,1,WALK
Graph,Adjacent,353,352,1,1,WALK
Graph,Adjacent,353,381,1,1,WALK
Graph,Adjacent,353,325,1,1,WALK
Graph,Adjacent,353,382,1,1,WALK
Graph,Adjacent,353,380,1,1,WALK
Graph,Adjacent,353,324,1,1,WALK
Graph,Adjacent,354,353,1,1,WALK
Graph,Adjacent,354,382,1,1,WALK
Graph,Adjacent,354,381,1,1,WALK
Graph,Adjacent,354,325,1,1,WALK
Graph,Adjacent,359,360,3,3,WALK
Graph,Adjacent,359,331,3,3,WALK
Graph,Adjacent,359,388,3,3,WALK
Graph,Adjacent,359,332,3,3,WALK
Graph,Adjacent,360,361,3,3,WALK
Graph,Adjacent,360,359,3,3,WALK
Graph,Adjacent,360,388,3,3,WALK
Graph,Adjacent,360,332,3,3,WALK
Graph,Adjacent,360,389,3,3,WALK
Graph,Adjacent,360,333,3,3,WALK
Graph,Adjacent,360,331,3,3,WALK
Graph,Adjacent,361,362,3,3,WALK
Graph,Adjacent,361,360,3,3,WALK
Graph,Adjacent,361,389,3,3,WALK
Graph,Adjacent,361,333,3,3,WALK
Graph,Adjacent,361,334,3,3,WALK
Graph,Adjacent,361,388,3,3,WALK
Graph,Adjacent,361,332,3,3,WALK
Graph,Adjacent,362,361,3,3,WALK
Graph,Adjacent,362,334,3,3,WALK
Graph,Adjacent,362,389,3,3,WALK
Graph,Adjacent,362,333,3,3,WALK
Graph,Adjacent,365,366,4,4,WALK
Graph,Adjacent,365,393,4,4,WALK
Graph,Adjacent,366,367,4,4,WALK
Graph,Adjacent,366,365,4,4,WALK
Graph,Adjacent,366,395,4,4,WALK
Graph,Adjacent,366,393,4,4,WALK
Graph,Adjacent,367,368,4,4,WALK
Graph,Adjacent,367,366,4,4,WALK
Graph,Adjacent,367,395,4,4,WALK
Graph,Adjacent,367,396,4,4,WALK
Graph,Adjacent,368,369,4,4,WALK
Graph,Adjacent,368,367,4,4,WALK
Graph,Adjacent,368,396,4,4,WALK
Graph,Adjacent,368,397,4,4,WALK
Graph,Adjacent,368,341,4,4,WALK
Graph,Adjacent,368,395,4,4,WALK
Graph,Adjacent,369,370,4,4,WALK
Graph,Adjacent,369,368,4,4,WALK
Graph,Adjacent,369,397,4,4,WALK
Graph,Adjacent,369,341,4,4,WALK
Graph,Adjacent,369,398,4,4,WALK
Graph,Adjacent,369,342,4,4,WALK
Graph,Adjacent,369,396,4,4,WALK
Graph,Adjacent,370,369,4,4,WALK
Graph,Adjacent,370,398,4,4,WALK
Graph,Adjacent,370,342,4,4,WALK
Graph,Adjacent,370,397,4,4,WALK
Graph,Adjacent,370,341,4,4,WALK
Graph,Adjacent,375,376,1,1,WALK
Graph,Adjacent,375,347,1,1,WALK
Graph,Adjacent,375,348,1,1,WALK
Graph,Adjacent,376,377,1,1,WALK
Graph,Adjacent,376,375,1,1,WALK
Graph,Adjacent,376,348,1,1,WALK
Graph,Adjacent,376,405,1,5,ROOM
Graph,Adjacent,376,349,1,1,WALK
Graph,Adjacent,376,347,1,1,WALK
Graph,Adjacent,377,378,1,1,WALK
Graph,Adjacent,377,376,1,1,WALK
Graph,Adjacent,377,405,1,5,ROOM
Graph,Adjacent,377,349,1,1,WALK
Graph,Adjacent,377,406,1,5,ROOM
Graph,Adjacent,377,350,1,1,WALK
Graph,Adjacent,377,348,1,1,WALK
Graph,Adjacent,378,379,1,1,WALK
Graph,Adjacent,378,377,1,1,WALK
Graph,Adjacent,378,406,1,5,ROOM
Graph,Adjacent,378,350,1,1,WALK
Graph,Adjacent,378,407,1,5,ROOM
Graph,Adjacent,378,351,1,1,WALK
Graph,Adjacent,378,405,1,5,ROOM
Graph,Adjacent,378,349,1,1,WALK
Graph,Adjacent,379,380,1,1,WALK
Graph,Adjacent,379,378,1,1,WALK
Graph,Adjacent,379,407,1,5,ROOM
Graph,Adjacent,379,351,1,1,WALK
Graph,Adjacent,379,408,1,5,ROOM
Graph,Adjacent,379,352,1,1,WALK
Graph,Adjacent,379,406,1,5,ROOM
Graph,Adjacent,379,350,1,1,WALK
Graph,Adjacent,380,381,1,1,WALK
Graph,Adjacent,380,379,1,1,WALK
Graph,Adjacent,380,408,1,5,ROOM
Graph,Adjacent,380,352,1,1,WALK
Graph,Adjacent,380,353,1,1,WALK
Graph,Adjacent,380,407,1,5,ROOM
Graph,Adjacent,380,351,1,1,WALK
Graph,Adjacent,381,382,1,1,WALK
Graph,Adjacent,381,380,1,1,WALK
Graph,Adjacent,381,353,1,1,WALK
Graph,Adjacent,381,354,1,1,WALK
Graph,Adjacent,381,408,1,5,ROOM
Graph,Adjacent,381,352,1,1,WALK
Graph,Adjacent,382,381,1,1,WALK
Graph,Adjacent,382,354,1,1,WALK
Graph,Adjacent,382,353,1,1,WALK
Graph,Adjacent,388,389,3,3,WALK
Graph,Adjacent,388,416,3,3,WALK
Graph,Adjacent,388,360,3,3,WALK
Graph,Adjacent,388,417,3,3,WALK
Graph,Adjacent,388,361,3,3,WALK
Graph,Adjacent,388,359,3,3,WALK
Graph,Adjacent,389,388,3,3,WALK
Graph,Adjacent,389,417,3,3,WALK
Graph,Adjacent,389,361,3,3,WALK
Graph,Adjacent,389,362,3,3,WALK
Graph,Adjacent,389,416,3,3,WALK
Graph,Adjacent,389,360,3,3,WALK
Graph,Adjacent,393,421,4,4,WALK
Graph,Adjacent,393,365,4,4,WALK
Graph,Adjacent,393,422,4,4,WALK
Graph,Adjacent,393,366,4,4,WALK
Graph,Adjacent,395,396,4,4,WALK
Graph,Adjacent,395,423,4,4,WALK
Graph,Adjacent,395,367,4,4,WALK
Graph,Adjacent,395,424,4,4,WALK
Graph,Adjacent,395,368,4,4,WALK
Graph,Adjacent,395,422,4,4,WALK
Graph,Adjacent,395,366,4,4,WALK
Graph,Adjacent,396,397,4,4,WALK
Graph,Adjacent,396,395,4,4,WALK
Graph,Adjacent,396,424,4,4,WALK
Graph,Adjacent,396,368,4,4,WALK
Graph,Adjacent,396,425,4,4,WALK
Graph,Adjacent,396,369,4,4,WALK
Graph,Adjacent,396,423,4,4,WALK
Graph,Adjacent,396,367,4,4,WALK
Graph,Adjacent,397,398,4,4,WALK
Graph,Adjacent,397,396,4,4,WALK
Graph,Adjacent,397,425,4,4,WALK
Graph,Adjacent,397,369,4,4,WALK
Graph,Adjacent,397,370,4,4,WALK
Graph,Adjacent,397,424,4,4,WALK
Graph,Adjacent,397,368,4,4,WALK
Graph,Adjacent,398,397,4,4,WALK
Graph,Adjacent,398,370,4,4,WALK
Graph,Adjacent,398,425,4,4,WALK
Graph,Adjacent,398,369,4,4,WALK
Graph,Adjacent,405,406,5,5,WALK
Graph,Adjacent,405,433,5,5,WALK
Graph,Adjacent,405,377,5,1,ROOM
Graph,Adjacent,405,434,5,5,WALK
Graph,Adjacent,405,378,5,1,ROOM
Graph,Adjacent,405,432,5,5,WALK
Graph,Adjacent,405,376,5,1,ROOM
Graph,Adjacent,406,407,5,5,WALK
Graph,Adjacent,406,405,5,5,WALK
Graph,Adjacent,406,434,5,5,WALK
Graph,Adjacent,406,378,5,1,ROOM
Graph,Adjacent,406,435,5,5,WALK
Graph,Adjacent,406,379,5,1,ROOM
Graph,Adjacent,406,433,5,5,WALK
Graph,Adjacent,406,377,5,1,ROOM
Graph,Adjacent,407,408,5,5,WALK
Graph,Adjacent,407,406,5,5,WALK
Graph,Adjacent,407,435,5,5,WALK
Graph,Adjacent,407,379,5,1,ROOM
Graph,Adjacent,407,436,5,5,WALK
Graph,Adjacent,407,380,5,1,ROOM
Graph,Adjacent,407,434,5,5,WALK
Graph,Adjacent,407,378,5,1,ROOM
Graph,Adjacent,408,407,5,5,WALK
Graph,Adjacent,408,436,5,5,WALK
Graph,Adjacent,408,380,5,1,ROOM
Graph,Adjacent,408,437,5,5,WALK
Graph,Adjacent,408,381,5,1,ROOM
Graph,Adjacent,408,435,5,5,WALK
Graph,Adjacent,408,379,5,1,ROOM
Graph,Adjacent,416,417,3,3,WALK
Graph,Adjacent,416,444,3,6,DOOR
Graph,Adjacent,416,388,3,3,WALK
Graph,Adjacent,416,445,3,6,DOOR
Graph,Adjacent,416,389,3,3,WALK
Graph,Adjacent,417,416,3,3,WALK
Graph,Adjacent,417,445,3,6,DOOR
Graph,Adjacent,417,389,3,3,WALK
Graph,Adjacent,417,444,3,6,DOOR
Graph,Adjacent,417,388,3,3,WALK
Graph,Adjacent,421,422,4,4,WALK
Graph,Adjacent,421,449,4,4,WALK
Graph,Adjacent,421,393,4,4,WALK
Graph,Adjacent,421,450,4,4,WALK
Graph,Adjacent,422,423,4,4,WALK
Graph,Adjacent,422,421,4,4,WALK
Graph,Adjacent,422,450,4,4,WALK
Graph,Adjacent,422,451,4,4,WALK
Graph,Adjacent,422,395,4,4,WALK
Graph,Adjacent,422,449,4,4,WALK
Graph,Adjacent,422,393,4,4,WALK
Graph,Adjacent,423,424,4,4,WALK
Graph,Adjacent,423,422,4,4,WALK
Graph,Adjacent,423,451,4,4,WALK
Graph,Adjacent,423,395,4,4,WALK
Graph,Adjacent,423,452,4,4,WALK
Graph,Adjacent,423,396,4,4,WALK
Graph,Adjacent,423,450,4,4,WALK
Graph,Adjacent,424,425,4,4,WALK
Graph,Adjacent,424,423,4,4,WALK
Graph,Adjacent,424,452,4,4,WALK
Graph,Adjacent,424,396,4,4,WALK
Graph,Adjacent,424,397,4,4,WALK
Graph,Adjacent,424,451,4,4,WALK
Graph,Adjacent,424,395,4,4,WALK
Graph,Adjacent,425,424,4,4,WALK
Graph,Adjacent,425,397,4,4,WALK
Graph,Adjacent,425,398,4,4,WALK
Graph,Adjacent,425,452,4,4,WALK
Graph,Adjacent,425,396,4,4,WALK
Graph,Adjacent,430,431,5,5,WALK
Graph,Adjacent,430,459,5,5,WALK
Graph,Adjacent,430,457,5,5,WALK
Graph,Adjacent,431,432,5,5,WALK
Graph,Adjacent,431,430,5,5,WALK
Graph,Adjacent,431,459,5,5,WALK
Graph,Adjacent,431,460,5,5,WALK
Graph,Adjacent,432,433,5,5,WALK
Graph,Adjacent,432,431,5,5,WALK
Graph,Adjacent,432,460,5,5,WALK
Graph,Adjacent,432,461,5,5,WALK
Graph,Adjacent,432,405,5,5,WALK
Graph,Adjacent,432,459,5,5,WALK
Graph,Adjacent,433,434,5,5,WALK
Graph,Adjacent,433,432,5,5,WALK
Graph,Adjacent,433,461,5,5,WALK
Graph,Adjacent,433,405,5,5,WALK
Graph,Adjacent,433,462,5,5,WALK
Graph,Adjacent,433,406,5,5,WALK
Graph,Adjacent,433,460,5,5,WALK
Graph,Adjacent,434,435,5,5,WALK
Graph,Adjacent,434,433,5,5,WALK
Graph,Adjacent,434,462,5,5,WALK
Graph,Adjacent,434,406,5,5,WALK
Graph,Adjacent,434,463,5,5,WALK
Graph,Adjacent,434,407,5,5,WALK
Graph,Adjacent,434,461,5,5,WALK
Graph,Adjacent,434,405,5,5,WALK
Graph,Adjacent,435,436,5,5,WALK
Graph,Adjacent,435,434,5,5,WALK
Graph,Adjacent,435,463,5,5,WALK
Graph,Adjacent,435,407,5,5,WALK
Graph,Adjacent,435,464,5,5,WALK
Graph,Adjacent,435,408,5,5,WALK
Graph,Adjacent,435,462,5,5,WALK
Graph,Adjacent,435,406,5,5,WALK
Graph,Adjacent,436,437,5,5,WALK
Graph,Adjacent,436,435,5,5,WALK
Graph,Adjacent,436,464,5,5,WALK
Graph,Adjacent,436,408,5,5,WALK
Graph,Adjacent,436,465,5,5,WALK
Graph,Adjacent,436,463,5,5,WALK
Graph,Adjacent,436,407,5,5,WALK
Graph,Adjacent,437,438,5,5,WALK
Graph,Adjacent,437,436,5,5,WALK
Graph,Adjacent,437,465,5,5,WALK
Graph,Adjacent,437,466,5,5,WALK
Graph,Adjacent,437,464,5,5,WALK
Graph,Adjacent,437,408,5,5,WALK
Graph,Adjacent,438,439,5,5,WALK
Graph,Adjacent,438,437,5,5,WALK
Graph,Adjacent,438,466,5,5,WALK
Graph,Adjacent,438,467,5,5,WALK
Graph,Adjacent,438,465,5,5,WALK
Graph,Adjacent,439,440,5,5,WALK
Graph,Adjacent,439,438,5,5,WALK
Graph,Adjacent,439,467,5,5,WALK
Graph,Adjacent,439,468,5,5,WALK
Graph,Adjacent,439,466,5,5,WALK
Graph,Adjacent,440,441,5,5,WALK
Graph,Adjacent,440,439,5,5,WALK
Graph,Adjacent,440,468,5,5,WALK
Graph,Adjacent,440,469,5,5,WALK
Graph,Adjacent,440,467,5,5,WALK
Graph,Adjacent,441,440,5,5,WALK
Graph,Adjacent,441,469,5,5,WALK
Graph,Adjacent,441,470,5,5,WALK
Graph,Adjacent,441,468,5,5,WALK
Graph,Adjacent,444,445,6,6,WALK
Graph,Adjacent,444,472,6,6,WALK
Graph,Adjacent,444,416,6,3,DOOR
Graph,Adjacent,444,473,6,6,WALK
Graph,Adjacent,444,417,6,3,DOOR
Graph,Adjacent,444,471,6,6,WALK
Graph,Adjacent,445,444,6,6,WALK
Graph,Adjacent,445,473,6,6,WALK
Graph,Adjacent,445,417,6,3,DOOR
Graph,Adjacent,445,472,6,6,WALK
Graph,Adjacent,445,416,6,3,DOOR
Graph,Adjacent,449,450,4,4,WALK
Graph,Adjacent,449,477,4,4,WALK
Graph,Adjacent,449,421,4,4,WALK
Graph,Adjacent,449,478,4,4,WALK
Graph,Adjacent,449,422,4,4,WALK
Graph,Adjacent,450,451,4,4,WALK
Graph,Adjacent,450,449,4,4,WALK
Graph,Adjacent,450,478,4,4,WALK
Graph,Adjacent,450,422,4,4,WALK
Graph,Adjacent,450,423,4,4,WALK
Graph,Adjacent,450,477,4,4,WALK
Graph,Adjacent,450,421,4,4,WALK
Graph,Adjacent,451,452,4,4,WALK
Graph,Adjacent,451,450,4,4,WALK
Graph,Adjacent,451,423,4,4,WALK
Graph,Adjacent,451,424,4,4,WALK
Graph,Adjacent,451,478,4,4,WALK
Graph,Adjacent,451,422,4,4,WALK
Graph,Adjacent,452,451,4,4,WALK
Graph,Adjacent,452,424,4,4,WALK
Graph,Adjacent,452,425,4,4,WALK
Graph,Adjacent,452,423,4,4,WALK
Graph,Adjacent,457,485,5,5,WALK
Graph,Adjacent,457,486,5,5,WALK
Graph,Adjacent,457,430,5,5,WALK
Graph,Adjacent,459,460,5,5,WALK
Graph,Adjacent,459,487,5,5,WALK
Graph,Adjacent,459,431,5,5,WALK
Graph,Adjacent,459,488,5,5,WALK
Graph,Adjacent,459,432,5,5,WALK
Graph,Adjacent,459,486,5,5,WALK
Graph,Adjacent,459,430,5,5,WALK
Graph,Adjacent,460,461,5,5,WALK
Graph,Adjacent,460,459,5,5,WALK
Graph,Adjacent,460,488,5,5,WALK
Graph,Adjacent,460,432,5,5,WALK
Graph,Adjacent,460,489,5,5,WALK
Graph,Adjacent,460,433,5,5,WALK
Graph,Adjacent,460,487,5,5,WALK
Graph,Adjacent,460,431,5,5,WALK
Graph,Adjacent,461,462,5,5,WALK
Graph,Adjacent,461,460,5,5,WALK
Graph,Adjacent,461,489,5,5,WALK
Graph,Adjacent,461,433,5,5,WALK
Graph,Adjacent,461,490,5,5,WALK
Graph,Adjacent,461,434,5,5,WALK
Graph,Adjacent,461,488,5,5,WALK
Graph,Adjacent,461,432,5,5,WALK
Graph,Adjacent,462,463,5,5,WALK
Graph,Adjacent,462,461,5,5,WALK
Graph,Adjacent,462,490,5,5,WALK
Graph,Adjacent,462,434,5,5,WALK
Graph,Adjacent,462,491,5,5,WALK
Graph,Adjacent,462,435,5,5,WALK
Graph,Adjacent,462,489,5,5,WALK
Graph,Adjacent,462,433,5,5,WALK
Graph,Adjacent,463,464,5,5,WALK
Graph,Adjacent,463,462,5,5,WALK
Graph,Adjacent,463,491,5,5,WALK
Graph,Adjacent,463,435,5,5,WALK
Graph,Adjacent,463,492,5,5,WALK
Graph,Adjacent,463,436,5,5,WALK
Graph,Adjacent,463,490,5,5,WALK
Graph,Adjacent,463,434,5,5,WALK
Graph,Adjacent,464,465,5,5,WALK
Graph,Adjacent,464,463,5,5,WALK
Graph,Adjacent,464,492,5,5,WALK
Graph,Adjacent,464,436,5,5,WALK
Graph,Adjacent,464,493,5,5,WALK
Graph,Adjacent,464,437,5,5,WALK
Graph,Adjacent,464,491,5,5,WALK
Graph,Adjacent,464,435,5,5,WALK
Graph,Adjacent,465,466,5,5,WALK
Graph,Adjacent,465,464,5,5,WALK
Graph,Adjacent,465,493,5,5,WALK
Graph,Adjacent,465,437,5,5,WALK
Graph,Adjacent,465,494,5,5,WALK
Graph,Adjacent,465,438,5,5,WALK
Graph,Adjacent,465,492,5,5,WALK
Graph,Adjacent,465,436,5,5,WALK
Graph,Adjacent,466,467,5,5,WALK
Graph,Adjacent,466,465,5,5,WALK
Graph,Adjacent,466,494,5,5,WALK
Graph,Adjacent,466,438,5,5,WALK
Graph,Adjacent,466,495,5,5,WALK
Graph,Adjacent,466,439,5,5,WALK
Graph,Adjacent,466,493,5,5,WALK
Graph,Adjacent,466,437,5,5,WALK
Graph,Adjacent,467,468,5,5,WALK
Graph,Adjacent,467,466,5,5,WALK
Graph,Adjacent,467,495,5,5,WALK
Graph,Adjacent,467,439,5,5,WALK
Graph,Adjacent,467,496,5,5,WALK
Graph,Adjacent,467,440,5,5,WALK
Graph,Adjacent,467,494,5,5,WALK
Graph,Adjacent,467,438,5,5,WALK
Graph,Adjacent,468,469,5,5,WALK
Graph,Adjacent,468,467,5,5,WALK
Graph,Adjacent,468,496,5,5,WALK
Graph,Adjacent,468,440,5,5,WALK
Graph,Adjacent,468,497,5,5,WALK
Graph,Adjacent,468,441,5,5,WALK
Graph,Adjacent,468,495,5,5,WALK
Graph,Adjacent,468,439,5,5,WALK
Graph,Adjacent,469,470,5,5,WALK
Graph,Adjacent,469,468,5,5,WALK
Graph,Adjacent,469,497,5,5,WALK
Graph,Adjacent,469,441,5,5,WALK
Graph,Adjacent,469,496,5,5,WALK
Graph,Adjacent,469,440,5,5,WALK
Graph,Adjacent,470,471,5,6,ROOM
Graph,Adjacent,470,469,5,5,WALK
Graph,Adjacent,470,497,5,5,WALK
Graph,Adjacent,470,441,5,5,WALK
Graph,Adjacent,471,472,6,6,WALK
Graph,Adjacent,471,470,6,5,ROOM
Graph,Adjacent,471,500,6,6,WALK
Graph,Adjacent,471,444,6,6,WALK
Graph,Adjacent,472,473,6,6,WALK
Graph,Adjacent,472,471,6,6,WALK
Graph,Adjacent,472,500,6,6,WALK
Graph,Adjacent,472,444,6,6,WALK
Graph,Adjacent,472,501,6,6,WALK
Graph,Adjacent,472,445,6,6,WALK
Graph,Adjacent,473,472,6,6,WALK
Graph,Adjacent,473,501,6,6,WALK
Graph,Adjacent,473,445,6,6,WALK
Graph,Adjacent,473,500,6,6,WALK
Graph,Adjacent,473,444,6,6,WALK
Graph,Adjacent,477,478,4,4,WALK
Graph,Adjacent,477,505,4,4,WALK
Graph,Adjacent,477,449,4,4,WALK
Graph,Adjacent,477,506,4,4,WALK
Graph,Adjacent,477,450,4,4,WALK
Graph,Adjacent,478,477,4,4,WALK
Graph,Adjacent,478,506,4,4,WALK
Graph,Adjacent,478,450,4,4,WALK
Graph,Adjacent,478,451,4,4,WALK
Graph,Adjacent,478,505,4,4,WALK
Graph,Adjacent,478,449,4,4,WALK
Graph,Adjacent,485,486,5,5,WALK
Graph,Adjacent,485,513,5,5,WALK
Graph,Adjacent,485,457,5,5,WALK
Graph,Adjacent,486,487,5,5,WALK
Graph,Adjacent,486,485,5,5,WALK
Graph,Adjacent,486,459,5,5,WALK
Graph,Adjacent,486,513,5,5,WALK
Graph,Adjacent,486,457,5,5,WALK
Graph,Adjacent,487,488,5,5,WALK
Graph,Adjacent,487,486,5,5,WALK
Graph,Adjacent,487,459,5,5,WALK
Graph,Adjacent,487,460,5,5,WALK
Graph,Adjacent,488,489,5,5,WALK
Graph,Adjacent,488,487,5,5,WALK
Graph,Adjacent,488,460,5,5,WALK
Graph,Adjacent,488,461,5,5,WALK
Graph,Adjacent,488,459,5,5,WALK
Graph,Adjacent,489,490,5,5,WALK
Graph,Adjacent,489,488,5,5,WALK
Graph,Adjacent,489,461,5,5,WALK
Graph,Adjacent,489,462,5,5,WALK
Graph,Adjacent,489,460,5,5,WALK
Graph,Adjacent,490,491,5,5,WALK
Graph,Adjacent,490,489,5,5,WALK
Graph,Adjacent,490,462,5,5,WALK
Graph,Adjacent,490,463,5,5,WALK
Graph,Adjacent,490,461,5,5,WALK
Graph,Adjacent,491,492,5,5,WALK
Graph,Adjacent,491,490,5,5,WALK
Graph,Adjacent,491,463,5,5,WALK
Graph,Adjacent,491,464,5,5,WALK
Graph,Adjacent,491,462,5,5,WALK
Graph,Adjacent,492,493,5,5,WALK
Graph,Adjacent,492,491,5,5,WALK
Graph,Adjacent,492,464,5,5,WALK
Graph,Adjacent,492,521,5,5,WALK
Graph,Adjacent,492,465,5,5,WALK
Graph,Adjacent,492,463,5,5,WALK
Graph,Adjacent,493,494,5,5,WALK
Graph,Adjacent,493,492,5,5,WALK
Graph,Adjacent,493,521,5,5,WALK
Graph,Adjacent,493,465,5,5,WALK
Graph,Adjacent,493,466,5,5,WALK
Graph,Adjacent,493,464,5,5,WALK
Graph,Adjacent,494,495,5,5,WALK
Graph,Adjacent,494,493,5,5,WALK
Graph,Adjacent,494,466,5,5,WALK
Graph,Adjacent,494,467,5,5,WALK
Graph,Adjacent,494,521,5,5,WALK
Graph,Adjacent,494,465,5,5,WALK
Graph,Adjacent,495,496,5,5,WALK
Graph,Adjacent,495,494,5,5,WALK
Graph,Adjacent,495,467,5,5,WALK
Graph,Adjacent,495,468,5,5,WALK
Graph,Adjacent,495,466,5,5,WALK
Graph,Adjacent,496,497,5,5,WALK
Graph,Adjacent,496,495,5,5,WALK
Graph,Adjacent,496,468,5,5,WALK
Graph,Adjacent,496,469,5,5,WALK
Graph,Adjacent,496,467,5,5,WALK
Graph,Adjacent,497,496,5,5,WALK
Graph,Adjacent,497,469,5,5,WALK
Graph,Adjacent,497,470,5,5,WALK
Graph,Adjacent,497,468,5,5,WALK
Graph,Adjacent,500,501,6,6,WALK
Graph,Adjacent,500,528,6,6,WALK
Graph,Adjacent,500,472,6,6,WALK
Graph,Adjacent,500,529,6,6,WALK
Graph,Adjacent,500,473,6,6,WALK
Graph,Adjacent,500,471,6,6,WALK
Graph,Adjacent,501,500,6,6,WALK
Graph,Adjacent,501,529,6,6,WALK
Graph,Adjacent,501,473,6,6,WALK
Graph,Adjacent,501,528,6,6,WALK
Graph,Adjacent,501,472,6,6,WALK
Graph,Adjacent,505,506,4,4,WALK
Graph,Adjacent,505,533,4,4,WALK
Graph,Adjacent,505,477,4,4,WALK
Graph,Adjacent,505,534,4,4,WALK
Graph,Adjacent,505,478,4,4,WALK
Graph,Adjacent,506,505,4,4,WALK
Graph,Adjacent,506,534,4,4,WALK
Graph,Adjacent,506,478,4,4,WALK
Graph,Adjacent,506,533,4,4,WALK
Graph,Adjacent,506,477,4,4,WALK
Graph,Adjacent,513,541,5,6,ROOM
Graph,Adjacent,513,485,5,5,WALK
Graph,Adjacent,513,486,5,5,WALK
Graph,Adjacent,521,549,5,6,ROOM
Graph,Adjacent,521,493,5,5,WALK
Graph,Adjacent,521,494,5,5,WALK
Graph,Adjacent,521,492,5,5,WALK
Graph,Adjacent,528,529,6,6,WALK
Graph,Adjacent,528,556,6,6,WALK
Graph,Adjacent,528,500,6,6,WALK
Graph,Adjacent,528,557,6,6,WALK
Graph,Adjacent,528,501,6,6,WALK
Graph,Adjacent,529,528,6,6,WALK
Graph,Adjacent,529,557,6,6,WALK
Graph,Adjacent,529,501,6,6,WALK
Graph,Adjacent,529,556,6,6,WALK
Graph,Adjacent,529,500,6,6,WALK
Graph,Adjacent,533,534,4,4,WALK
Graph,Adjacent,533,561,4,4,WALK
Graph,Adjacent,533,505,4,4,WALK
Graph,Adjacent,533,562,4,4,WALK
Graph,Adjacent,533,506,4,4,WALK
Graph,Adjacent,534,533,4,4,WALK
Graph,Adjacent,534,562,4,4,WALK
Graph,Adjacent,534,506,4,4,WALK
Graph,Adjacent,534,563,4,4,WALK
Graph,Adjacent,534,561,4,4,WALK
Graph,Adjacent,534,505,4,4,WALK
Graph,Adjacent,541,569,6,6,WALK
Graph,Adjacent,541,513,6,5,ROOM
Graph,Adjacent,541,570,6,6,WALK
Graph,Adjacent,541,568,6,6,WALK
Graph,Adjacent,549,577,6,6,WALK
Graph,Adjacent,549,521,6,5,ROOM
Graph,Adjacent,549,578,6,6,WALK
Graph,Adjacent,549,576,6,6,WALK
Graph,Adjacent,556,557,6,6,WALK
Graph,Adjacent,556,584,6,6,WALK
Graph,Adjacent,556,528,6,6,WALK
Graph,Adjacent,556,585,6,6,WALK
Graph,Adjacent,556,529,6,6,WALK
Graph,Adjacent,556,583,6,6,WALK
Graph,Adjacent,557,556,6,6,WALK
Graph,Adjacent,557,585,6,6,WALK
Graph,Adjacent,557,529,6,6,WALK
Graph,Adjacent,557,584,6,6,WALK
Graph,Adjacent,557,528,6,6,WALK
Graph,Adjacent,561,562,4,4,WALK
Graph,Adjacent,561,589,4,4,WALK
Graph,Adjacent,561,533,4,4,WALK
Graph,Adjacent,561,590,4,4,WALK
Graph,Adjacent,561,534,4,4,WALK
Graph,Adjacent,562,563,4,4,WALK
Graph,Adjacent,562,561,4,4,WALK
Graph,Adjacent,562,590,4,4,WALK
Graph,Adjacent,562,534,4,4,WALK
Graph,Adjacent,562,591,4,4,WALK
Graph,Adjacent,562,589,4,4,WALK
Graph,Adjacent,562,533,4,4,WALK
Graph,Adjacent,563,564,4,4,WALK
Graph,Adjacent,563,562,4,4,WALK
Graph,Adjacent,563,591,4,4,WALK
Graph,Adjacent,563,592,4,4,WALK
Graph,Adjacent,563,590,4,4,WALK
Graph,Adjacent,563,534,4,4,WALK
Graph,Adjacent,564,565,4,4,WALK
Graph,Adjacent,564,563,4,4,WALK
Graph,Adjacent,564,592,4,4,WALK
Graph,Adjacent,564,593,4,4,WALK
Graph,Adjacent,564,591,4,4,WALK
Graph,Adjacent,565,566,4,4,WALK
Graph,Adjacent,565,564,4,4,WALK
Graph,Adjacent,565,593,4,4,WALK
Graph,Adjacent,565,594,4,4,WALK
Graph,Adjacent,565,592,4,4,WALK
Graph,Adjacent,566,567,4,4,WALK
Graph,Adjacent,566,565,4,4,WALK
Graph,Adjacent,566,594,4,4,WALK
Graph,Adjacent,566,595,4,4,WALK
Graph,Adjacent,566,593,4,4,WALK
Graph,Adjacent,567,568,4,6,DOOR
Graph,Adjacent,567,566,4,4,WALK
Graph,Adjacent,567,595,4,4,WALK
Graph,Adjacent,567,596,4,6,DOOR
Graph,Adjacent,567,594,4,4,WALK
Graph,Adjacent,568,569,6,6,WALK
Graph,Adjacent,568,567,6,4,DOOR
Graph,Adjacent,568,596,6,6,WALK
Graph,Adjacent,568,597,6,6,WALK
Graph,Adjacent,568,541,6,6,WALK
Graph,Adjacent,568,595,6,4,DOOR
Graph,Adjacent,569,570,6,6,WALK
Graph,Adjacent,569,568,6,6,WALK
Graph,Adjacent,569,597,6,6,WALK
Graph,Adjacent,569,541,6,6,WALK
Graph,Adjacent,569,598,6,6,WALK
Graph,Adjacent,569,596,6,6,WALK
Graph,Adjacent,570,571,6,6,WALK
Graph,Adjacent,570,569,6,6,WALK
Graph,Adjacent,570,598,6,6,WALK
Graph,Adjacent,570,599,6,6,WALK
Graph,Adjacent,570,597,6,6,WALK
Graph,Adjacent,570,541,6,6,WALK
Graph,Adjacent,571,572,6,6,WALK
Graph,Adjacent,571,570,6,6,WALK
Graph,Adjacent,571,599,6,6,WALK
Graph,Adjacent,571,600,6,6,WALK
Graph,Adjacent,571,598,6,6,WALK
Graph,Adjacent,572,573,6,6,WALK
Graph,Adjacent,572,571,6,6,WALK
Graph,Adjacent,572,600,6,6,WALK
Graph,Adjacent,572,601,6,6,WALK
Graph,Adjacent,572,599,6,6,WALK
Graph,Adjacent,573,574,6,6,WALK
Graph,Adjacent,573,572,6,6,WALK
Graph,Adjacent,573,601,6,6,WALK
Graph,Adjacent,573,602,6,6,WALK
Graph,Adjacent,573,600,6,6,WALK
Graph,Adjacent,574,575,6,6,WALK
Graph,Adjacent,574,573,6,6,WALK
Graph,Adjacent,574,602,6,6,WALK
Graph,Adjacent,574,603,6,6,WALK
Graph,Adjacent,574,601,6,6,WALK
Graph,Adjacent,575,576,6,6,WALK
Graph,Adjacent,575,574,6,6,WALK
Graph,Adjacent,575,603,6,6,WALK
Graph,Adjacent,575,604,6,6,WALK
Graph,Adjacent,575,602,6,6,WALK
Graph,Adjacent,576,577,6,6,WALK
Graph,Adjacent,576,575,6,6,WALK
Graph,Adjacent,576,604,6,6,WALK
Graph,Adjacent,576,605,6,6,WALK
Graph,Adjacent,576,549,6,6,WALK
Graph,Adjacent,576,603,6,6,WALK
Graph,Adjacent,577,578,6,6,WALK
Graph,Adjacent,577,576,6,6,WALK
Graph,Adjacent,577,605,6,6,WALK
Graph,Adjacent,577,549,6,6,WALK
Graph,Adjacent,577,606,6,6,WALK
Graph,Adjacent,577,604,6,6,WALK
Graph,Adjacent,578,579,6,6,WALK
Graph,Adjacent,578,577,6,6,WALK
Graph,Adjacent,578,606,6,6,WALK
Graph,Adjacent,578,607,6,6,WALK
Graph,Adjacent,578,605,6,6,WALK
Graph,Adjacent,578,549,6,6,WALK
Graph,Adjacent,579,580,6,6,WALK
Graph,Adjacent,579,578,6,6,WALK
Graph,Adjacent,579,607,6,6,WALK
Graph,Adjacent,579,608,6,6,WALK
Graph,Adjacent,579,606,6,6,WALK
Graph,Adjacent,580,581,6,6,WALK
Graph,Adjacent,580,579,6,6,WALK
Graph,Adjacent,580,608,6,6,WALK
Graph,Adjacent,580,609,6,6,WALK
Graph,Adjacent,580,607,6,6,WALK
Graph,Adjacent,581,582,6,6,WALK
Graph,Adjacent,581,580,6,6,WALK
Graph,Adjacent,581,609,6,6,WALK
Graph,Adjacent,581,610,6,6,WALK
Graph,Adjacent,581,608,6,6,WALK
Graph,Adjacent,582,583,6,6,WALK
Graph,Adjacent,582,581,6,6,WALK
Graph,Adjacent,582,610,6,6,WALK
Graph,Adjacent,582,611,6,6,WALK
Graph,Adjacent,582,609,6,6,WALK
Graph,Adjacent,583,584,6,6,WALK
Graph,Adjacent,583,582,6,6,WALK
Graph,Adjacent,583,611,6,6,WALK
Graph,Adjacent,583,612,6,6,WALK
Graph,Adjacent,583,556,6,6,WALK
Graph,Adjacent,583,610,6,6,WALK
Graph,Adjacent,584,585,6,6,WALK
Graph,Adjacent,584,583,6,6,WALK
Graph,Adjacent,584,612,6,6,WALK
Graph,Adjacent,584,556,6,6,WALK
Graph,Adjacent,584,613,6,6,WALK
Graph,Adjacent,584,557,6,6,WALK
Graph,Adjacent,584,611,6,6,WALK
Graph,Adjacent,585,584,6,6,WALK
Graph,Adjacent,585,613,6,6,WALK
Graph,Adjacent,585,557,6,6,WALK
Graph,Adjacent,585,612,6,6,WALK
Graph,Adjacent,585,556,6,6,WALK
Graph,Adjacent,589,590,4,4,WALK
Graph,Adjacent,589,561,4,4,WALK
Graph,Adjacent,589,562,4,4,WALK
Graph,Adjacent,590,591,4,4,WALK
Graph,Adjacent,590,589,4,4,WALK
Graph,Adjacent,590,562,4,4,WALK
Graph,Adjacent,590,563,4,4,WALK
Graph,Adjacent,590,561,4,4,WALK
Graph,Adjacent,591,592,4,4,WALK
Graph,Adjacent,591,590,4,4,WALK
Graph,Adjacent,591,563,4,4,WALK
Graph,Adjacent,591,564,4,4,WALK
Graph,Adjacent,591,562,4,4,WALK
Graph,Adjacent,592,593,4,4,WALK
Graph,Adjacent,592,591,4,4,WALK
Graph,Adjacent,592,564,4,4,WALK
Graph,Adjacent,592,565,4,4,WALK
Graph,Adjacent,592,563,4,4,WALK
Graph,Adjacent,593,594,4,4,WALK
Graph,Adjacent,593,592,4,4,WALK
Graph,Adjacent,593,565,4,4,WALK
Graph,Adjacent,593,566,4,4,WALK
Graph,Adjacent,593,564,4,4,WALK
Graph,Adjacent,594,595,4,4,WALK
Graph,Adjacent,594,593,4,4,WALK
Graph,Adjacent,594,566,4,4,WALK
Graph,Adjacent,594,567,4,4,WALK
Graph,Adjacent,594,565,4,4,WALK
Graph,Adjacent,595,596,4,6,DOOR
Graph,Adjacent,595,594,4,4,WALK
Graph,Adjacent,595,567,4,4,WALK
Graph,Adjacent,595,568,4,6,DOOR
Graph,Adjacent,595,566,4,4,WALK
Graph,Adjacent,596,597,6,6,WALK
Graph,Adjacent,596,595,6,4,DOOR
Graph,Adjacent,596,568,6,6,WALK
Graph,Adjacent,596,569,6,6,WALK
Graph,Adjacent,596,567,6,4,DOOR
Graph,Adjacent,597,598,6,6,WALK
Graph,Adjacent,597,596,6,6,WALK
Graph,Adjacent,597,569,6,6,WALK
Graph,Adjacent,597,570,6,6,WALK
Graph,Adjacent,597,568,6,6,WALK
Graph,Adjacent,598,599,6,6,WALK
Graph,Adjacent,598,597,6,6,WALK
Graph,Adjacent,598,570,6,6,WALK
Graph,Adjacent,598,571,6,6,WALK
Graph,Adjacent,598,569,6,6,WALK
Graph,Adjacent,599,600,6,6,WALK
Graph,Adjacent,599,598,6,6,WALK
Graph,Adjacent,599,571,6,6,WALK
Graph,Adjacent,599,572,6,6,WALK
Graph,Adjacent,599,570,6,6,WALK
Graph,Adjacent,600,601,6,6,WALK
Graph,Adjacent,600,599,6,6,WALK
Graph,Adjacent,600,572,6,6,WALK
Graph,Adjacent,600,573,6,6,WALK
Graph,Adjacent,600,571,6,6,WALK
Graph,Adjacent,601,602,6,6,WALK
Graph,Adjacent,601,600,6,6,WALK
Graph,Adjacent,601,573,6,6,WALK
Graph,Adjacent,601,574,6,6,WALK
Graph,Adjacent,601,572,6,6,WALK
Graph,Adjacent,602,603,6,6,WALK
Graph,Adjacent,602,601,6,6,WALK
Graph,Adjacent,602,574,6,6,WALK
Graph,Adjacent,602,575,6,6,WALK
Graph,Adjacent,602,573,6,6,WALK
Graph,Adjacent,603,604,6,6,WALK
Graph,Adjacent,603,602,6,6,WALK
Graph,Adjacent,603,575,6,6,WALK
Graph,Adjacent,603,576,6,6,WALK
Graph,Adjacent,603,574,6,6,WALK
Graph,Adjacent,604,605,6,6,WALK
Graph,Adjacent,604,603,6,6,WALK
Graph,Adjacent,604,576,6,6,WALK
Graph,Adjacent,604,577,6,6,WALK
Graph,Adjacent,604,575,6,6,WALK
Graph,Adjacent,605,606,6,6,WALK
Graph,Adjacent,605,604,6,6,WALK
Graph,Adjacent,605,577,6,6,WALK
Graph,Adjacent,605,578,6,6,WALK
Graph,Adjacent,605,576,6,6,WALK
Graph,Adjacent,606,607,6,6,WALK
Graph,Adjacent,606,605,6,6,WALK
Graph,Adjacent,606,578,6,6,WALK
Graph,Adjacent,606,579,6,6,WALK
Graph,Adjacent,606,577,6,6,WALK
Graph,Adjacent,607,608,6,6,WALK
Graph,Adjacent,607,606,6,6,WALK
Graph,Adjacent,607,579,6,6,WALK
Graph,Adjacent,607,580,6,6,WALK
Graph,Adjacent,607,578,6,6,WALK
Graph,Adjacent,608,609,6,6,WALK
Graph,Adjacent,608,607,6,6,WALK
Graph,Adjacent,608,580,6,6,WALK
Graph,Adjacent,608,581,6,6,WALK
Graph,Adjacent,608,579,6,6,WALK
Graph,Adjacent,609,610,6,6,WALK
Graph,Adjacent,609,608,6,6,WALK
Graph,Adjacent,609,581,6,6,WALK
Graph,Adjacent,609,582,6,6,WALK
Graph,Adjacent,609,580,6,6,WALK
Graph,Adjacent,610,611,6,6,WALK
Graph,Adjacent,610,609,6,6,WALK
Graph,Adjacent,610,582,6,6,WALK
Graph,Adjacent,610,583,6,6,WALK
Graph,Adjacent,610,581,6,6,WALK
Graph,Adjacent,611,612,6,6,WALK
Graph,Adjacent,611,610,6,6,WALK
Graph,Adjacent,611,583,6,6,WALK
Graph,Adjacent,611,584,6,6,WALK
Graph,Adjacent,611,582,6,6,WALK
Graph,Adjacent,612,613,6,6,WALK
Graph,Adjacent,612,611,6,6,WALK
Graph,Adjacent,612,584,6,6,WALK
Graph,Adjacent,612,585,6,6,WALK
Graph,Adjacent,612,583,6,6,WALK
Graph,Adjacent,613,612,6,6,WALK
Graph,Adjacent,613,585,6,6,WALK
Graph,Adjacent,613,584,6,6,WALK
Room,Indices,0,29,30,31,32,33,34,35,36,57,58
Room,Indices,0,59,60,61,62,63,64,85,86,87,90
Room,Indices,0,91,92,113,114,118,119,120,121,141,142
Room,Indices,0,145,146,147,148,149,169,170,171,172,173
Room,Indices,0,174,175,176,197,198,199,200,201,202,203
Room,Indices,0,204,225,226,227,228,229,230,231,232,257
Room,Indices,0,258
Room,Indices,1,40,41,42,43,44,45,67,68,69,70
Room,Indices,1,71,72,73,74,98,99,122,123,124,125
Room,Indices,1,126,127,128,129,130,131,150,151,152,153
Room,Indices,1,154,155,156,157,158,159,179,180,181,182
Room,Indices,1,183,184,185,186,207,208,209,212,213,214
Room,Indices,1,236,237,240,241,264,265,268,269,292,293
Room,Indices,1,294,295,296,297,320,321,322,323,324,325
Room,Indices,1,347,348,349,350,351,352,353,354,375,376
Room,Indices,1,377,378,379,380,381,382
Room,Indices,2,77,78,79,80,81,105,106,107,108,109
Room,Indices,2,110,132,133,134,135,136,137,138,160,161
Room,Indices,2,162,163,164,165,166,189,190,191,192,193
Room,Indices,2,194,220,221
Room,Indices,3,248,249,276,277,303,304,305,306,331,332
Room,Indices,3,333,334,359,360,361,362,388,389,416,417
Room,Indices,4,285,286,313,314,341,342,365,366,367,368
Room,Indices,4,369,370,393,394,395,396,397,398,421,422
Room,Indices,4,423,424,425,449,450,451,452,477,478,505
Room,Indices,4,506,533,534,561,562,563,564,565,566,567
Room,Indices,4,589,590,591,592,593,594,595
Room,Indices,5,405,406,407,408,430,431,432,433,434,435
Room,Indices,5,436,437,438,439,440,441,457,458,459,460
Room,Indices,5,461,462,463,464,465,466,467,468,469,470
Room,Indices,5,485,486,487,488,489,490,491,492,493,494
Room,Indices,5,495,496,497,513,521
Room,Indices,6,444,445,471,472,473,500,501,528,529,541
Room,Indices,6,549,556,557,568,569,570,571,572,573,574
Room,Indices,6,575,576,577,578,579,580,581,582,583,584
Room,Indices,6,585,596,597,598,599,600,601,602,603,604
Room,Indices,6,605,606,607,608,609,610,611,612,613
Object,Define,1,Activators
Object,Indices,1,176
Object,Binding,1,14
Object,Define,2,Activators
Object,Indices,2,179
Object,Binding,2,14
Object,Define,3,Activators
Object,Indices,3,186
Object,Binding,3,15
Object,Define,4,Activators
Object,Indices,4,189
Object,Binding,4,15
Object,Define,5,Activators
Object,Indices,5,220,249
Object,Binding,5,16
Object,Define,6,Activators
Object,Indices,6,228
Object,Binding,6,17
Object,Define,7,Activators
Object,Indices,7,314
Object,Binding,7,17
Object,Define,8,Activators
Object,Indices,8,417,444
Object,Binding,8,18
Object,Define,9,Activators
Object,Indices,9,594
Object,Binding,9,19
Object,Define,10,Activators
Object,Indices,10,597
Object,Binding,10,19
Object,Define,11,Ammo
Object,Indices,11,109
Object,Binding,11
Object,Define,12,Ammo
Object,Indices,12,394
Object,Binding,12
Object,Define,13,Ammo
Object,Indices,13,458
Object,Binding,13
Object,Define,14,Doors
Object,Indices,14,121,122,149,150
Object,Binding,14,1,2
Object,Define,15,Doors
Object,Indices,15,131,132,159,160
Object,Binding,15,3,4
Object,Define,16,Doors
Object,Indices,16,220,221,248,249
Object,Binding,16,5
Object,Define,17,Doors
Object,Indices,17,257,258,285,286
Object,Binding,17,6,7
Object,Define,18,Doors
Object,Indices,18,416,417,444,445
Object,Binding,18,8
Object,Define,19,Doors
Object,Indices,19,567,568,595,596
Object,Binding,19,9,10
Object,Define,20,Healing
Object,Indices,20,58
Object,Binding,20
Object,Define,21,Healing
Object,Indices,21,333
Object,Binding,21
Object,Define,22,Weapons
Object,Indices,22,40
Object,Binding,22
Object,Define,23,Weapons
Object,Indices,23,469
Object,Binding,23
